copy_id,driver1_y,driver2_y,driver3_y,driver4_y,driver5_y,driver6_y,driver7_y,driver8_y,driver9_y,driver10_y,driver11_y,driver12_y,driver13_y,driver14_y,driver15_y,driver16_y,driver17_y,driver18_y,driver19_y,driver20_y,driver21_y,driver22_y,driver23_y,driver24_y
1000_0,25,16,2,13,25,11,15,10,3,25,14,4,25,8,6,1,17,25,25,7,5,9,25,12
1000_2,25,9,11,17,13,6,8,3,25,25,10,25,14,4,12,16,7,25,25,25,1,5,2,15
1001_1,25,2,25,4,9,12,7,6,3,5,11,25,25,25,1,8,25,25,25,15,25,13,14,10
1002_0,12,10,4,6,25,11,15,25,2,25,7,25,25,25,14,1,9,25,25,16,3,8,5,13
1002_1,25,1,25,7,6,14,4,8,16,25,15,13,11,25,2,25,25,25,10,5,25,12,9,3
1002_2,25,8,11,9,6,14,25,2,25,12,25,25,7,25,13,10,16,5,25,25,1,3,4,15
1003_0,12,19,3,14,25,9,11,15,5,25,16,6,25,7,17,1,13,25,25,18,4,8,2,10
1003_1,25,1,25,16,14,17,3,8,18,15,11,10,9,7,5,6,25,25,19,2,25,12,13,4
1003_2,25,8,9,13,14,17,7,5,25,12,15,25,16,6,10,19,18,2,25,25,1,4,3,11
1004_0,16,7,3,9,25,25,13,11,4,18,10,6,25,14,25,1,15,25,25,8,2,17,5,12
1004_1,25,1,25,10,9,25,3,17,8,11,13,12,25,14,4,6,25,18,7,5,25,16,15,2
1005_0,15,25,6,9,25,13,12,8,5,16,7,4,25,14,11,1,17,25,25,25,2,10,3,25
1005_1,25,1,25,7,9,11,6,10,25,8,12,25,13,14,5,4,25,16,25,3,25,15,17,2
1005_2,25,10,13,17,9,11,14,5,25,15,8,25,7,4,25,25,25,3,25,16,1,2,6,12
1006_0,11,25,4,25,25,9,10,25,1,13,8,25,25,25,12,3,14,25,25,25,5,7,2,6
1006_1,25,3,25,8,25,12,4,7,25,25,10,6,9,25,1,25,25,13,25,2,25,11,14,5
1006_2,25,7,9,14,25,12,25,1,25,11,25,25,8,25,6,25,25,2,25,13,3,5,4,10
1007_0,8,7,2,11,25,14,9,16,3,13,25,25,25,25,10,4,12,25,25,15,5,25,1,6
1007_2,25,25,14,12,11,10,25,3,25,8,16,25,25,25,6,7,15,1,25,13,4,5,2,9
1008_0,14,7,6,15,25,11,25,8,3,16,10,4,25,17,13,1,18,25,25,9,5,12,2,25
1008_1,25,1,25,10,15,13,6,12,9,8,25,25,11,17,3,4,25,16,7,2,25,14,18,5
1008_2,25,12,11,18,15,13,17,3,25,14,8,25,10,4,25,7,9,2,25,16,1,5,6,25
1009_0,25,15,2,13,25,7,3,9,25,25,4,5,25,11,12,1,25,25,25,25,10,14,6,8
1009_1,25,1,25,4,13,12,2,14,25,9,3,8,7,11,25,5,25,25,15,6,25,25,25,10
1009_2,25,14,7,25,13,12,11,25,25,25,9,25,4,5,8,15,25,6,25,25,1,10,2,3
100_0,14,25,11,13,25,16,3,9,2,12,25,8,25,10,25,15,25,25,25,6,4,5,1,7
1010_1,25,2,25,13,15,5,4,25,6,25,10,7,12,8,17,25,25,14,16,3,25,9,11,1
1011_0,14,15,5,11,25,6,12,25,16,9,10,25,25,7,3,1,8,25,25,13,2,25,4,25
1011_1,25,1,25,10,11,3,5,25,13,25,12,25,6,7,16,25,25,9,15,4,25,14,8,2
1011_2,25,25,6,8,11,3,7,16,25,14,25,25,10,25,25,15,13,4,25,9,1,2,5,12
1012_0,12,16,3,15,25,18,25,11,17,10,8,7,25,9,5,1,6,25,25,13,2,14,4,25
1012_1,25,1,25,8,15,5,3,14,13,11,25,25,18,9,17,7,25,10,16,4,25,12,6,2
1012_2,25,14,18,6,15,5,9,17,25,12,11,25,8,7,25,16,13,4,25,10,1,2,3,25
1013_0,9,15,3,12,25,8,25,25,16,11,6,25,25,10,5,2,25,25,25,13,1,7,4,14
1013_1,25,2,25,6,12,5,3,7,13,25,25,14,8,10,16,25,25,11,15,4,25,9,25,1
1013_2,25,7,8,25,12,5,10,16,25,9,25,25,6,25,14,15,13,4,25,11,2,1,3,25
1014_0,25,17,4,16,25,25,9,10,18,11,15,12,25,14,5,1,6,25,25,7,2,8,3,13
1014_1,25,1,25,15,16,5,4,8,7,10,9,13,25,14,18,12,25,11,17,3,25,25,6,2
1014_2,25,8,25,6,16,5,14,18,25,25,10,25,15,12,13,17,7,3,25,11,1,2,4,9
1015_0,16,15,2,19,25,11,7,10,18,8,12,9,25,17,25,1,5,25,25,14,3,6,4,13
1015_1,25,1,25,12,19,25,2,6,14,10,7,13,11,17,18,9,25,8,15,4,25,16,5,3
1015_2,25,6,11,5,19,25,17,18,25,16,10,25,12,9,13,15,14,4,25,8,1,3,2,7
1016_0,9,16,2,13,25,25,10,14,18,25,12,6,25,15,3,1,8,25,25,17,4,11,5,7
1016_2,25,11,25,8,13,3,15,18,25,9,14,25,12,6,7,16,17,5,25,25,1,4,2,10
1017_0,13,19,5,16,25,9,14,20,18,15,12,11,25,7,3,1,10,25,25,17,2,6,4,8
1017_1,25,1,25,12,16,3,5,6,17,20,14,8,9,7,18,11,25,15,19,4,25,13,10,2
1018_0,14,18,4,10,25,6,17,16,20,15,11,12,25,9,2,5,7,25,25,19,3,8,1,13
1018_1,25,5,25,11,10,2,4,8,19,16,17,13,6,9,20,12,25,15,18,1,25,14,7,3
1018_2,25,8,6,7,10,2,9,20,25,14,16,25,11,12,13,18,19,1,25,15,5,3,4,17
1019_0,13,14,16,25,25,11,9,25,15,12,17,7,25,8,3,1,4,25,25,25,2,6,5,10
1019_1,25,1,25,17,25,3,16,6,25,25,9,10,11,8,15,7,25,12,14,5,25,13,4,2
1019_2,25,6,11,4,25,3,8,15,25,13,25,25,17,7,10,14,25,5,25,12,1,2,16,9
101_0,10,17,8,7,25,15,12,13,25,16,11,6,25,3,14,25,25,25,25,9,2,5,1,4
101_2,25,5,15,25,7,14,3,25,25,10,13,25,11,6,4,17,9,1,25,16,25,2,8,12
1020_0,4,11,2,13,25,25,3,7,10,6,25,25,25,12,25,9,14,25,25,8,25,5,1,25
1020_1,25,9,25,25,13,25,2,5,8,7,3,25,25,12,10,25,25,6,11,1,25,4,14,25
1020_2,25,5,25,14,13,25,12,10,25,4,7,25,25,25,25,11,8,1,25,6,9,25,2,3
1021_0,17,16,3,18,25,9,15,25,19,10,11,14,25,7,4,1,6,25,25,13,8,5,2,12
1021_1,25,1,25,11,18,4,3,5,13,25,15,12,9,7,19,14,25,10,16,2,25,17,6,8
1021_2,25,5,9,6,18,4,7,19,25,17,25,25,11,14,12,16,13,2,25,10,1,8,3,15
1022_0,18,5,4,9,25,15,7,13,17,25,6,14,25,16,11,2,1,25,25,12,3,10,25,8
1022_1,25,2,25,6,9,11,4,10,12,13,7,8,15,16,17,14,25,25,5,25,25,18,1,3
1022_2,25,10,15,1,9,11,16,17,25,18,13,25,6,14,8,5,12,25,25,25,2,3,4,7
1023_1,25,3,25,7,9,1,13,25,25,16,25,5,10,15,17,4,25,6,14,8,25,12,11,2
1024_0,13,25,1,10,25,7,15,11,16,6,25,14,25,25,2,4,8,25,25,17,5,12,3,9
1024_1,25,4,25,25,10,2,1,12,17,11,15,9,7,25,16,14,25,6,25,3,25,13,8,5
1024_2,25,12,7,8,10,2,25,16,25,13,11,25,25,14,9,25,17,3,25,6,4,5,1,15
1025_0,15,5,25,14,25,25,4,10,25,25,25,2,25,13,8,1,3,25,25,12,9,11,6,7
1025_1,25,1,25,25,14,8,25,11,12,10,4,7,25,13,25,2,25,25,5,6,25,15,3,9
1026_0,9,16,2,14,25,11,10,13,17,4,8,25,25,12,6,3,7,25,25,15,1,5,25,25
1026_2,25,5,11,7,14,6,12,17,25,9,13,25,8,25,25,16,15,25,25,4,3,1,2,10
1027_0,12,16,2,14,25,25,11,17,18,5,7,8,25,25,4,1,9,25,25,15,3,13,6,10
1027_1,25,1,25,7,14,4,2,13,15,17,11,10,25,25,18,8,25,5,16,6,25,12,9,3
1028_0,13,17,25,14,25,7,12,15,25,5,10,6,25,11,4,2,16,25,25,18,1,8,3,9
1028_1,25,2,25,10,14,4,25,8,18,15,12,9,7,11,25,6,25,5,17,3,25,13,16,1
1029_0,19,12,17,5,25,8,10,13,16,14,9,6,25,4,18,7,2,25,25,11,25,3,1,15
1029_2,25,3,8,2,5,18,4,16,25,19,13,25,9,6,15,12,11,1,25,14,7,25,17,10
102_0,13,14,6,25,25,25,2,25,25,15,25,10,25,3,11,12,7,25,25,8,5,4,1,9
102_1,25,12,25,25,25,11,6,4,8,25,2,9,25,3,25,10,25,15,14,1,25,13,7,5
102_2,25,4,25,7,25,11,3,25,25,13,25,25,25,10,9,14,8,1,25,15,12,5,6,2
1030_0,25,17,5,16,25,8,9,15,19,6,7,11,25,13,3,1,18,25,25,14,4,10,2,12
1030_1,25,1,25,7,16,3,5,10,14,15,9,12,8,13,19,11,25,6,17,2,25,25,18,4
1030_2,25,10,8,18,16,3,13,19,25,25,15,25,7,11,12,17,14,2,25,6,1,4,5,9
1031_1,25,4,25,1,7,3,25,25,25,6,5,25,25,25,10,25,25,11,13,8,25,9,2,12
1031_2,25,25,25,2,7,3,25,10,25,9,6,25,1,25,25,13,25,8,25,11,4,12,25,5
1032_0,14,4,13,15,25,16,9,6,25,17,2,12,25,11,5,1,25,25,25,3,10,7,25,8
1032_1,25,1,25,2,15,5,13,7,3,6,9,8,16,11,25,12,25,17,4,25,25,14,25,10
1032_2,25,7,16,25,15,5,11,25,25,14,6,25,2,12,8,4,3,25,25,17,1,10,13,9
1033_0,17,5,16,25,25,18,9,7,6,19,3,10,25,15,13,1,11,25,25,2,12,4,14,8
1033_1,25,1,25,3,25,13,16,4,2,7,9,8,18,15,6,10,25,19,5,14,25,17,11,12
1033_2,25,4,18,11,25,13,15,6,25,17,7,25,3,10,8,5,2,14,25,19,1,12,16,9
1034_0,7,15,16,3,25,8,6,4,10,25,25,25,25,17,12,1,5,25,25,13,2,14,9,11
1034_1,25,1,25,25,3,12,16,14,13,4,6,11,8,17,10,25,25,25,15,9,25,7,5,2
1034_2,25,14,8,5,3,12,17,10,25,7,4,25,25,25,11,15,13,9,25,25,1,2,16,6
1035_0,17,5,16,11,25,18,13,7,12,19,3,25,25,15,9,2,4,25,25,1,10,6,8,14
1035_1,25,2,25,3,11,9,16,6,1,7,13,14,18,15,12,25,25,19,5,8,25,17,4,10
1035_2,25,6,18,4,11,9,15,12,25,17,7,25,3,25,14,5,1,8,25,19,2,10,16,13
1036_0,16,8,19,9,25,17,6,5,7,18,3,15,25,14,10,1,25,25,25,2,12,4,13,11
1036_1,25,1,25,3,9,10,19,4,2,5,6,11,17,14,7,15,25,18,8,13,25,16,25,12
1036_2,25,4,17,25,9,10,14,7,25,16,5,25,3,15,11,8,2,13,25,18,1,12,19,6
1037_0,8,16,15,14,25,6,5,10,13,25,2,17,25,12,25,1,7,25,25,3,11,25,9,4
1037_1,25,1,25,2,14,25,15,25,3,10,5,4,6,12,13,17,25,25,16,9,25,8,7,11
1038_0,16,15,12,1,25,14,2,10,25,11,5,25,25,13,4,7,25,25,25,25,9,3,8,6
1038_1,25,7,25,5,1,4,12,3,25,10,2,6,14,13,25,25,25,11,15,8,25,16,25,9
1038_2,25,3,14,25,1,4,13,25,25,16,10,25,5,25,6,15,25,8,25,11,7,9,12,2
1039_0,8,25,12,6,25,25,25,5,10,25,2,25,25,9,3,1,11,25,25,25,7,25,25,4
1039_1,25,1,25,2,6,3,12,25,25,5,25,4,25,9,10,25,25,25,25,25,25,8,11,7
1039_2,25,25,25,11,6,3,9,10,25,8,5,25,2,25,4,25,25,25,25,25,1,7,12,25
103_0,25,25,4,8,25,25,25,7,1,25,25,5,25,25,25,11,25,25,25,2,3,10,6,9
103_1,25,11,25,25,8,25,4,10,2,7,25,9,25,25,1,5,25,25,25,6,25,25,25,3
103_2,25,10,25,25,8,25,25,1,25,25,7,25,25,5,9,25,2,6,25,25,11,3,4,25
1040_0,6,25,17,15,25,16,7,4,13,25,1,12,25,14,10,3,18,25,25,2,8,9,11,5
1040_1,25,3,25,1,15,10,17,9,2,4,7,5,16,14,13,12,25,25,25,11,25,6,18,8
1040_2,25,9,16,18,15,10,14,13,25,6,4,25,1,12,5,25,2,11,25,25,3,8,17,7
1041_0,10,25,9,6,25,25,2,8,11,14,3,25,25,12,25,1,7,25,25,15,13,25,5,4
1041_1,25,1,25,3,6,25,9,25,15,8,2,4,25,12,11,25,25,14,25,5,25,10,7,13
1042_2,25,25,14,4,5,13,11,10,25,15,7,25,2,16,9,12,3,8,25,18,1,19,17,6
1043_0,10,15,14,25,25,25,7,6,12,11,2,25,25,9,8,1,5,25,25,25,4,13,25,3
1043_1,25,1,25,2,25,8,14,13,25,6,7,3,25,9,12,25,25,11,15,25,25,10,5,4
1044_0,25,7,25,13,25,16,5,2,3,25,14,17,25,15,8,1,4,25,25,6,12,9,11,10
1044_1,25,1,25,14,13,8,25,9,6,2,5,10,16,15,3,17,25,25,7,11,25,25,4,12
1044_2,25,9,16,4,13,8,15,3,25,25,2,25,14,17,10,7,6,11,25,25,1,12,25,5
1045_0,6,14,18,10,25,3,9,7,13,25,17,11,25,15,12,1,4,25,25,5,2,16,25,8
1045_1,25,1,25,17,10,12,18,16,5,7,9,8,3,15,13,11,25,25,14,25,25,6,4,2
1046_0,9,25,5,6,25,16,13,8,1,25,7,4,25,12,17,14,25,25,25,3,2,10,11,15
1046_1,25,14,25,7,6,17,5,10,3,8,13,15,16,12,1,4,25,25,25,11,25,9,25,2
1046_2,25,10,16,25,6,17,12,1,25,9,8,25,7,4,15,25,3,11,25,25,14,2,5,13
1047_0,8,17,25,13,25,4,9,7,14,19,18,11,25,12,15,3,5,25,25,6,1,16,10,2
1047_1,25,3,25,18,13,15,25,16,6,7,9,2,4,12,14,11,25,19,17,10,25,8,5,1
1047_2,25,16,4,5,13,15,12,14,25,8,7,25,18,11,2,17,6,10,25,19,3,1,25,9
104_0,13,15,4,11,25,25,1,12,25,25,10,9,25,25,25,14,7,25,25,8,3,5,2,6
104_1,25,14,25,10,11,25,4,5,8,12,1,6,25,25,25,9,25,25,15,2,25,13,7,3
104_2,25,5,25,7,11,25,25,25,25,13,12,25,10,9,6,15,8,2,25,25,14,3,4,1
1051_0,8,18,10,9,25,13,6,4,14,16,25,2,25,3,25,1,17,25,25,5,7,11,15,12
1051_1,25,1,25,25,9,25,10,11,5,4,6,12,13,3,14,2,25,16,18,15,25,8,17,7
1052_0,6,16,15,4,25,9,10,5,11,25,3,2,25,25,18,1,14,25,25,13,8,17,12,7
1052_1,25,1,25,3,4,18,15,17,13,5,10,7,9,25,11,2,25,25,16,12,25,6,14,8
1053_0,4,16,15,3,25,17,8,11,13,25,25,1,25,10,12,2,25,25,25,9,5,7,14,6
1053_1,25,2,25,25,3,12,15,7,9,11,8,6,17,10,13,1,25,25,16,14,25,4,25,5
1054_0,6,19,13,5,25,15,14,4,25,17,3,2,25,8,18,1,16,25,25,7,11,10,12,9
1054_1,25,1,25,3,5,18,13,10,7,4,14,9,15,8,25,2,25,17,19,12,25,6,16,11
1054_2,25,10,15,16,5,18,8,25,25,6,4,25,3,2,9,19,7,12,25,17,1,11,13,14
1055_0,4,19,13,8,25,25,11,5,12,18,3,2,25,17,16,1,14,25,25,9,7,10,15,6
1055_1,25,1,25,3,8,16,13,10,9,5,11,6,25,17,12,2,25,18,19,15,25,4,14,7
1055_2,25,10,25,14,8,16,17,12,25,4,5,25,3,2,6,19,9,15,25,18,1,7,13,11
1056_0,3,18,5,14,25,17,8,4,11,25,25,1,25,13,16,7,15,25,25,9,2,6,10,12
1056_1,25,7,25,25,14,16,5,6,9,4,8,12,17,13,11,1,25,25,18,10,25,3,15,2
1056_2,25,6,17,15,14,16,13,11,25,3,4,25,25,1,12,18,9,10,25,25,7,2,5,8
1057_1,25,15,25,12,5,16,2,3,25,1,25,9,7,6,10,25,25,13,14,11,25,4,25,8
1057_2,25,3,7,25,5,16,6,10,25,4,1,25,12,25,9,14,25,11,25,13,15,8,2,25
1058_0,7,18,12,5,25,10,8,4,11,16,3,1,25,9,17,2,25,25,25,14,6,25,15,13
1058_1,25,2,25,3,5,17,12,25,14,4,8,13,10,9,11,1,25,16,18,15,25,7,25,6
1058_2,25,25,10,25,5,17,9,11,25,7,4,25,3,1,13,18,14,15,25,16,2,6,12,8
1059_0,16,20,9,5,25,13,10,3,17,19,4,1,25,8,18,2,12,25,25,14,11,7,15,6
1059_1,25,2,25,4,5,18,9,7,14,3,10,6,13,8,17,1,25,19,20,15,25,16,12,11
1059_2,25,7,13,12,5,18,8,17,25,16,3,25,4,1,6,20,14,15,25,19,2,11,9,10
105_0,5,25,15,25,25,14,1,6,3,16,9,10,25,4,25,13,11,25,25,7,2,12,25,8
105_1,25,13,25,9,25,25,15,12,7,6,1,8,14,4,3,10,25,16,25,25,25,5,11,2
105_2,25,12,14,11,25,25,4,3,25,5,6,25,9,10,8,25,7,25,25,16,13,2,15,1
1060_0,3,18,17,11,25,19,14,6,15,25,2,1,25,10,12,4,16,25,25,13,5,8,9,7
1060_1,25,4,25,2,11,12,17,8,13,6,14,7,19,10,15,1,25,25,18,9,25,3,16,5
1061_0,4,18,25,12,25,17,13,16,15,25,3,6,25,7,10,1,14,25,25,8,9,2,11,5
1061_1,25,1,25,3,12,10,25,2,8,16,13,5,17,7,15,6,25,25,18,11,25,4,14,9
1062_1,25,2,25,3,25,25,25,7,5,11,25,9,25,4,10,1,25,25,25,8,25,6,12,13
1062_2,25,7,25,12,25,25,4,10,25,6,11,25,3,1,9,25,5,8,25,25,2,13,25,25
1063_0,8,17,5,14,25,15,20,19,18,16,12,1,25,11,9,3,2,25,25,7,10,6,13,4
1063_1,25,3,25,12,14,9,5,6,7,19,20,4,15,11,18,1,25,16,17,13,25,8,2,10
1063_2,25,6,15,2,14,9,11,18,25,8,19,25,12,1,4,17,7,13,25,16,3,10,5,20
1064_0,5,25,13,10,25,25,12,8,15,18,3,1,25,6,16,2,17,25,25,9,7,4,14,11
1064_1,25,2,25,3,10,16,13,4,9,8,12,11,25,6,15,1,25,18,25,14,25,5,17,7
1064_2,25,4,25,17,10,16,6,15,25,5,8,25,3,1,11,25,9,14,25,18,2,7,13,12
1065_0,4,15,12,2,25,25,7,5,14,25,3,25,25,8,11,25,9,25,25,10,6,25,13,1
1065_2,25,25,25,9,2,11,8,14,25,4,5,25,3,25,1,15,10,13,25,25,25,6,12,7
1066_0,15,18,12,7,25,17,11,9,8,25,5,2,25,6,19,1,10,25,25,14,3,13,16,4
1066_2,25,13,17,10,7,19,6,8,25,15,9,25,5,2,4,18,14,16,25,25,1,3,12,11
1067_1,25,5,25,1,7,17,18,6,10,3,9,13,14,16,12,2,25,19,20,11,25,4,15,8
1067_2,25,6,14,15,7,17,16,12,25,4,3,25,1,2,13,20,10,11,25,19,5,8,18,9
1069_1,25,2,25,6,8,15,10,25,25,3,12,5,9,25,13,1,25,16,17,11,25,4,14,7
1069_2,25,25,9,14,8,15,25,13,25,4,3,25,6,1,5,17,25,11,25,16,2,7,10,12
106_0,1,16,15,7,25,14,8,4,6,25,25,11,25,5,10,13,12,25,25,3,25,2,25,9
106_1,25,13,25,25,7,10,15,2,3,4,8,9,14,5,6,11,25,25,16,25,25,1,12,25
106_2,25,2,14,12,7,10,5,6,25,1,4,25,25,11,9,16,3,25,25,25,13,25,15,8
1070_0,5,25,7,10,25,18,14,3,8,25,15,1,25,9,17,2,16,25,25,13,6,4,11,12
1070_1,25,2,25,15,10,17,7,4,13,3,14,12,18,9,8,1,25,25,25,11,25,5,16,6
1070_2,25,4,18,16,10,17,9,8,25,5,3,25,15,1,12,25,13,11,25,25,2,6,7,14
1072_1,25,1,25,3,10,12,25,6,4,25,11,5,14,13,15,2,25,25,25,9,25,7,25,8
1073_0,10,14,11,7,25,4,13,15,25,25,6,1,25,8,25,2,25,25,25,9,3,5,25,12
1073_1,25,2,25,6,7,25,11,5,9,15,13,12,4,8,25,1,25,25,14,25,25,10,25,3
1073_2,25,5,4,25,7,25,8,25,25,10,15,25,6,1,12,14,9,25,25,25,2,3,11,13
1074_0,15,11,18,4,25,8,12,14,17,10,5,19,25,9,16,3,13,25,25,7,2,1,25,6
1075_0,7,25,4,5,25,11,13,25,12,25,9,1,25,25,25,10,14,25,25,6,3,2,8,25
1075_1,25,10,25,9,5,25,4,2,6,25,13,25,11,25,12,1,25,25,25,8,25,7,14,3
1076_0,5,13,2,3,25,15,12,6,25,11,14,25,25,17,16,4,10,25,25,7,25,1,9,8
1076_1,25,4,25,14,3,16,2,1,7,6,12,8,15,17,25,25,25,11,13,9,25,5,10,25
1076_2,25,1,15,10,3,16,17,25,25,5,6,25,14,25,8,13,7,9,25,11,4,25,2,12
1077_0,4,15,2,11,25,17,12,18,8,25,9,1,25,25,7,13,16,25,25,10,14,3,6,5
1077_1,25,13,25,9,11,7,2,3,10,18,12,5,17,25,8,1,25,25,15,6,25,4,16,14
1077_2,25,3,17,16,11,7,25,8,25,4,18,25,9,1,5,15,10,6,25,25,13,14,2,12
1078_1,25,6,25,16,5,14,4,2,8,13,10,7,12,11,17,1,25,25,15,25,25,25,9,3
1078_2,25,2,12,9,5,14,11,17,25,25,13,25,16,1,7,15,8,25,25,25,6,3,4,10
1079_0,8,14,2,3,25,10,15,12,11,25,17,1,25,9,16,5,18,25,25,7,4,25,13,6
1079_1,25,5,25,17,3,16,2,25,7,12,15,6,10,9,11,1,25,25,14,13,25,8,18,4
1079_2,25,25,10,18,3,16,9,11,25,8,12,25,17,1,6,14,7,13,25,25,5,4,2,15
107_0,7,17,15,1,25,13,9,6,2,16,11,12,25,4,10,25,14,25,25,25,25,5,3,8
107_1,25,25,25,11,1,10,15,5,25,6,9,8,13,4,2,12,25,16,17,3,25,7,14,25
1080_0,6,25,1,5,25,17,14,13,10,16,25,3,25,7,15,8,25,25,25,12,2,4,11,9
1080_1,25,8,25,25,5,15,1,4,12,13,14,9,17,7,10,3,25,16,25,11,25,6,25,2
1080_2,25,4,17,25,5,15,7,10,25,6,13,25,25,3,9,25,12,11,25,16,8,2,1,14
1081_0,9,14,2,3,25,13,16,8,6,25,25,1,25,7,15,4,12,25,25,10,25,25,5,11
1081_1,25,4,25,25,3,15,2,25,10,8,16,11,13,7,6,1,25,25,14,5,25,9,12,25
1081_2,25,25,13,12,3,15,7,6,25,9,8,25,25,1,11,14,10,5,25,25,4,25,2,16
1082_1,25,3,25,17,4,16,25,5,6,11,10,7,25,9,12,1,25,8,25,14,25,15,13,2
1083_0,6,25,2,12,25,25,11,13,9,25,10,7,25,5,8,3,14,25,25,25,1,4,25,25
1083_1,25,3,25,10,12,8,2,4,25,13,11,25,25,5,9,7,25,25,25,25,25,6,14,1
1083_2,25,4,25,14,12,8,5,9,25,6,13,25,10,7,25,25,25,25,25,25,3,1,2,11
1084_2,25,1,16,12,4,25,10,17,25,7,9,25,8,2,11,6,5,15,25,14,3,25,25,13
1085_0,7,15,4,3,25,25,10,9,11,16,25,1,25,6,25,2,13,25,25,8,5,25,12,14
1086_0,7,14,5,3,25,19,11,15,10,13,16,1,25,8,18,2,17,25,25,9,4,6,12,20
1086_1,25,2,25,16,3,18,5,6,9,15,11,20,19,8,10,1,25,13,14,12,25,7,17,4
1086_2,25,6,19,17,3,18,8,10,25,7,15,25,16,1,20,14,9,12,25,13,2,4,5,11
1087_1,25,5,25,1,10,13,15,12,11,25,9,16,17,8,2,3,25,25,14,6,25,4,18,7
1088_0,7,13,5,2,25,25,10,17,14,16,15,1,25,6,18,4,12,25,25,9,8,3,11,25
1088_1,25,4,25,15,2,18,5,3,9,17,10,25,25,6,14,1,25,16,13,11,25,7,12,8
1089_0,7,10,6,3,25,12,25,25,25,9,16,1,25,25,14,5,15,25,25,11,4,2,8,13
1089_1,25,5,25,16,3,14,6,2,11,25,25,13,12,25,25,1,25,9,10,8,25,7,15,4
1089_2,25,2,12,15,3,14,25,25,25,7,25,25,16,1,13,10,11,8,25,9,5,4,6,25
108_0,25,25,1,25,25,11,4,5,3,25,10,25,25,7,6,25,25,25,25,8,25,9,2,25
108_1,25,25,25,10,25,6,1,9,8,5,4,25,11,7,3,25,25,25,25,2,25,25,25,25
108_2,25,9,11,25,25,6,7,3,25,25,5,25,10,25,25,25,8,2,25,25,25,25,1,4
1091_0,4,13,1,14,25,25,6,5,8,25,12,7,25,25,25,9,25,25,25,25,3,2,10,11
1091_1,25,9,25,12,14,25,1,2,25,5,6,11,25,25,8,7,25,25,13,10,25,4,25,3
1091_2,25,2,25,25,14,25,25,8,25,4,5,25,12,7,11,13,25,10,25,25,9,3,1,6
1092_1,25,5,25,14,9,17,2,10,12,11,18,15,16,7,6,1,25,25,25,3,25,8,13,4
1092_2,25,10,16,13,9,17,7,6,25,8,11,25,14,1,15,25,12,3,25,25,5,4,2,18
1093_0,6,15,4,5,25,10,25,16,8,12,9,1,25,7,17,2,13,25,25,11,25,3,14,25
1093_1,25,2,25,9,5,17,4,3,11,16,25,25,10,7,8,1,25,12,15,14,25,6,13,25
1093_2,25,3,10,13,5,17,7,8,25,6,16,25,9,1,25,15,11,14,25,12,2,25,4,25
1094_0,9,16,3,4,25,25,15,7,14,13,17,1,25,19,18,2,12,25,25,8,5,6,11,10
1094_1,25,2,25,17,4,18,3,6,8,7,15,10,25,19,14,1,25,13,16,11,25,9,12,5
1094_2,25,6,25,12,4,18,19,14,25,9,7,25,17,1,10,16,8,11,25,13,2,5,3,15
1095_1,25,2,25,3,16,13,7,1,14,9,4,6,12,5,11,8,25,25,25,25,25,15,17,10
1095_2,25,1,12,17,16,13,5,11,25,15,9,25,3,8,6,25,14,25,25,25,2,10,7,4
1096_0,6,16,3,5,25,11,8,9,10,12,17,1,25,25,19,18,13,25,25,7,4,2,14,15
1096_1,25,18,25,17,5,19,3,2,7,9,8,15,11,25,10,1,25,12,16,14,25,6,13,4
1096_2,25,2,11,13,5,19,25,10,25,6,9,25,17,1,15,16,7,14,25,12,18,4,3,8
1098_0,7,25,2,10,25,14,9,8,15,12,1,4,25,3,16,5,11,25,25,6,25,17,25,13
1098_1,25,5,25,1,10,16,2,17,6,8,9,13,14,3,15,4,25,12,25,25,25,7,11,25
1098_2,25,17,14,11,10,16,3,15,25,7,8,25,1,4,13,25,6,25,25,12,5,25,2,9
1099_0,4,15,1,25,25,14,9,18,12,16,2,6,25,3,13,5,11,25,25,25,8,17,7,10
1099_1,25,5,25,2,25,13,1,17,25,18,9,10,14,3,12,6,25,16,15,7,25,4,11,8
1099_2,25,17,14,11,25,13,3,12,25,4,18,25,2,6,10,15,25,7,25,16,5,8,1,9
109_0,25,25,25,9,25,10,12,5,1,25,7,2,25,3,25,8,13,25,25,6,4,11,25,25
109_1,25,8,25,7,9,25,25,11,6,5,12,25,10,3,1,2,25,25,25,25,25,25,13,4
109_2,25,11,10,13,9,25,3,1,25,25,5,25,7,2,25,25,6,25,25,25,8,4,25,12
10_0,7,15,25,25,25,16,8,5,4,25,2,13,25,11,10,1,14,25,25,12,6,3,25,9
1100_0,25,16,5,10,25,8,13,11,7,25,1,12,25,3,15,2,9,25,25,4,14,25,6,17
1100_1,25,2,25,1,10,15,5,25,4,11,13,17,8,3,7,12,25,25,16,6,25,25,9,14
1101_0,8,11,1,12,25,25,14,18,17,16,2,5,25,4,25,6,10,25,25,7,15,9,3,13
1101_1,25,6,25,2,12,25,1,9,7,18,14,13,25,4,17,5,25,16,11,3,25,8,10,15
1101_2,25,9,25,10,12,25,4,17,25,8,18,25,2,5,13,11,7,3,25,16,6,15,1,14
1102_1,25,6,25,1,14,16,2,17,12,13,8,10,18,3,15,5,25,20,19,7,25,4,11,9
1102_2,25,17,18,11,14,16,3,15,25,4,13,25,1,5,10,19,12,7,25,20,6,9,2,8
1104_0,5,10,16,14,25,12,7,11,17,18,1,8,25,2,13,4,15,25,25,25,3,9,6,25
1104_2,25,9,12,15,14,13,2,17,25,5,11,25,1,8,25,10,25,6,25,18,4,3,16,7
1105_0,3,13,4,16,25,14,10,19,15,20,1,5,25,7,9,2,12,25,25,6,8,17,11,18
1105_2,25,17,14,12,16,9,7,15,25,3,19,25,1,5,18,13,6,11,25,20,2,8,4,10
1106_2,25,13,18,14,7,16,2,15,25,25,10,25,1,5,17,11,9,4,25,25,3,8,6,12
1107_0,7,16,3,11,25,17,10,15,25,13,1,6,25,5,12,8,19,25,25,9,14,4,2,18
1107_1,25,8,25,1,11,12,3,4,9,15,10,18,17,5,25,6,25,13,16,2,25,7,19,14
1107_2,25,4,17,19,11,12,5,25,25,7,15,25,1,6,18,16,9,2,25,13,8,14,3,10
1108_1,25,3,25,1,8,15,6,2,14,12,18,25,17,7,13,10,25,11,4,9,25,5,16,25
1108_2,25,2,17,16,8,15,7,13,25,5,12,25,1,10,25,4,14,9,25,11,3,25,6,18
1109_1,25,4,25,17,6,15,3,7,25,13,10,12,16,9,14,1,25,25,5,25,25,2,11,8
110_0,25,25,4,10,25,25,25,8,2,25,25,1,25,3,5,25,25,25,25,7,25,6,25,9
110_2,25,6,25,25,10,5,3,2,25,25,8,25,25,1,9,25,7,25,25,25,25,25,4,25
1110_1,25,4,25,15,6,10,2,3,8,16,9,12,13,5,18,1,25,25,17,11,25,7,14,25
1110_2,25,3,13,14,6,10,5,18,25,7,16,25,15,1,12,17,8,11,25,25,4,25,2,9
111_1,25,10,25,8,12,11,5,25,4,13,1,25,25,6,2,15,25,25,25,7,25,14,9,3
111_2,25,25,25,9,12,11,6,2,25,14,13,25,8,15,25,25,4,7,25,25,10,3,5,1
112_0,25,25,7,12,25,25,25,9,25,25,3,5,25,2,8,10,11,25,25,4,1,25,6,25
112_1,25,10,25,3,12,8,7,25,4,9,25,25,25,2,25,5,25,25,25,6,25,25,11,1
112_2,25,25,25,11,12,8,2,25,25,25,9,25,3,5,25,25,4,6,25,25,10,1,7,25
113_1,25,25,25,4,10,13,5,12,6,8,1,7,11,25,2,25,25,25,25,25,25,9,25,3
113_2,25,12,11,25,10,13,25,2,25,9,8,25,4,25,7,25,6,25,25,25,25,3,5,1
114_0,9,25,7,13,25,12,1,6,2,25,10,8,25,5,25,11,25,25,25,3,4,25,25,25
114_1,25,11,25,10,13,25,7,25,3,6,1,25,12,5,2,8,25,25,25,25,25,9,25,4
115_0,10,25,25,11,25,9,1,25,6,25,25,25,25,4,25,25,8,25,25,2,5,25,3,7
115_1,25,25,25,25,11,25,25,25,2,25,1,7,9,4,6,25,25,25,25,3,25,10,8,5
116_0,10,13,15,25,25,14,5,25,25,11,7,12,25,4,9,8,25,25,25,1,3,25,2,6
116_1,25,8,25,7,25,9,15,25,1,25,5,6,14,4,25,12,25,11,13,2,25,10,25,3
117_0,10,14,5,11,25,16,3,25,4,15,25,25,25,25,12,13,8,25,25,1,7,9,2,6
117_1,25,13,25,25,11,12,5,9,1,25,3,6,16,25,4,25,25,15,14,2,25,10,8,7
117_2,25,9,16,8,11,12,25,4,25,10,25,25,25,25,6,14,1,2,25,15,13,7,5,3
118_0,25,16,5,7,25,15,4,6,3,13,8,25,25,25,12,17,11,25,25,9,1,10,2,14
118_1,25,17,25,8,7,12,5,10,9,6,4,14,15,25,3,25,25,13,16,2,25,25,11,1
118_2,25,10,15,11,7,12,25,3,25,25,6,25,8,25,14,16,9,2,25,13,17,1,5,4
119_1,25,10,25,13,25,12,3,5,1,11,9,8,25,4,2,25,25,25,25,6,25,25,25,7
11_2,25,7,17,1,12,25,11,5,25,25,4,25,3,8,18,16,13,9,25,15,2,14,6,10
120_0,11,25,5,25,25,12,8,7,2,13,10,25,25,1,25,9,25,25,25,4,25,25,3,6
120_1,25,9,25,10,25,25,5,25,4,7,8,6,12,1,2,25,25,13,25,3,25,11,25,25
120_2,25,25,12,25,25,25,1,2,25,11,7,25,10,25,6,25,4,3,25,13,9,25,5,8
121_0,11,12,25,5,25,25,6,7,4,25,10,3,25,8,25,9,13,25,25,2,1,25,25,25
121_2,25,25,25,13,5,25,8,4,25,11,7,25,10,3,25,12,2,25,25,25,9,1,25,6
122_0,9,25,25,25,25,8,1,4,2,11,25,7,25,25,10,5,3,25,25,25,25,25,6,25
122_1,25,5,25,25,25,10,25,25,25,4,1,25,8,25,2,7,25,11,25,6,25,9,3,25
123_0,7,14,6,10,25,13,12,3,2,16,11,4,25,25,15,9,25,25,25,1,25,25,8,5
123_1,25,9,25,11,10,15,6,25,1,3,12,5,13,25,2,4,25,16,14,8,25,7,25,25
124_0,6,25,25,25,25,25,4,5,25,25,2,25,25,25,25,3,25,25,25,25,8,7,25,1
124_2,25,7,25,25,25,25,25,25,25,6,5,25,2,25,1,25,25,25,25,25,3,8,25,4
125_1,7,5,25,25,10,11,6,2,25,25,1,25,25,25,9,4,12,25,25,3,25,8,25,13
125_2,25,2,25,25,10,11,25,9,7,8,25,12,25,4,25,25,25,3,25,25,5,13,6,1
126_0,10,25,25,8,6,7,2,3,9,13,11,4,25,12,25,25,25,25,25,25,25,5,1,25
126_2,25,5,7,25,8,25,12,9,25,10,3,6,11,4,25,25,25,1,25,13,25,25,25,2
127_0,7,25,8,25,25,25,3,6,25,25,11,5,25,25,25,10,25,25,25,2,25,4,1,9
127_1,25,10,25,11,25,25,8,4,2,6,3,9,25,25,25,5,25,25,25,1,25,7,25,25
127_2,25,4,25,25,25,25,25,25,25,7,6,25,11,5,9,25,2,1,25,25,10,25,8,3
128_0,25,8,5,6,25,9,2,3,25,25,12,25,25,25,25,4,25,25,25,1,11,25,7,10
128_2,25,25,9,25,6,25,25,25,25,25,3,25,12,25,10,8,1,7,25,25,4,11,5,2
129_0,10,25,25,25,9,25,4,6,25,8,12,7,25,25,25,25,11,25,25,2,5,3,1,25
129_1,25,25,25,12,25,25,25,3,2,6,4,25,25,25,25,7,9,8,25,1,25,10,11,5
129_2,25,3,25,11,25,25,25,25,25,10,6,9,12,7,25,25,2,1,25,8,25,5,25,4
12_0,7,25,6,12,25,25,9,13,25,25,4,10,25,8,25,5,14,25,25,11,25,2,3,1
12_1,25,5,25,4,12,25,6,2,11,13,9,1,25,8,25,10,25,25,25,3,25,7,14,25
12_2,25,2,25,14,12,25,8,25,25,7,13,25,4,10,1,25,11,3,25,25,5,25,6,9
130_0,25,12,25,10,25,9,3,1,25,25,11,25,25,25,6,8,25,25,25,7,5,25,2,4
130_1,25,8,25,11,10,6,25,25,7,1,3,4,9,25,25,25,25,25,12,2,25,25,25,5
130_2,25,25,9,25,10,6,25,25,25,25,1,25,11,25,4,12,7,2,25,25,8,5,25,3
131_0,25,25,9,25,25,25,7,2,10,14,11,15,25,4,13,12,8,25,25,3,5,25,1,6
131_1,25,12,25,11,25,13,9,25,3,2,7,6,25,4,10,15,25,14,25,1,25,25,8,5
131_2,25,25,25,8,25,13,4,10,25,25,2,25,11,15,6,25,3,1,25,14,12,5,9,7
132_0,12,11,6,10,25,25,4,25,16,25,15,5,14,3,13,7,9,25,25,1,25,25,2,8
132_1,14,7,25,15,10,13,6,25,1,25,4,8,25,3,16,5,25,25,11,2,25,12,9,25
132_2,25,25,25,9,10,13,3,16,14,12,25,25,15,5,8,11,1,2,25,25,7,25,6,4
133_0,4,25,9,11,25,25,8,10,25,25,25,12,25,25,25,6,5,25,25,2,7,3,1,25
133_1,25,6,25,25,11,25,9,3,2,10,8,25,25,25,25,12,25,25,25,1,25,4,5,7
133_2,25,3,25,5,11,25,25,25,25,4,10,25,25,12,25,25,2,1,25,25,6,7,9,8
134_0,25,25,25,25,25,11,4,3,25,25,8,6,25,2,25,7,10,25,25,1,5,9,25,25
134_1,25,7,25,8,25,25,25,9,1,3,4,25,11,2,25,6,25,25,25,25,25,25,10,5
135_1,25,6,25,25,25,25,7,2,4,5,3,25,25,25,8,25,25,25,9,1,25,25,25,25
135_2,25,2,25,25,25,25,25,8,25,25,5,25,25,25,25,9,4,1,25,25,6,25,7,3
136_0,11,15,7,25,25,25,1,5,10,14,16,25,25,4,12,9,13,25,25,6,25,2,3,8
136_1,25,9,25,16,25,12,7,2,6,5,1,8,25,4,10,25,25,14,15,3,25,11,13,25
136_2,25,2,25,13,25,12,4,10,25,11,5,25,16,25,8,15,6,3,25,14,9,25,7,1
137_1,25,10,25,25,8,12,25,1,25,4,2,25,6,25,11,25,25,9,7,5,25,3,25,25
137_2,25,1,6,25,8,12,25,11,25,3,4,25,25,25,25,7,25,5,25,9,10,25,25,2
138_1,25,10,25,25,25,3,25,25,1,7,25,4,13,25,12,5,25,25,11,2,25,9,6,8
138_2,25,25,13,6,25,3,25,12,25,9,7,25,25,5,4,11,1,2,25,25,10,8,25,25
139_0,25,14,3,12,25,25,2,5,11,15,8,7,25,25,10,9,13,25,25,16,1,6,4,25
139_1,25,9,25,8,12,10,3,6,16,5,2,25,25,25,11,7,25,15,14,4,25,25,13,1
13_0,8,15,5,9,25,13,4,6,16,25,3,25,25,7,25,12,1,25,25,14,11,2,25,10
13_1,25,12,25,3,9,25,5,2,14,6,4,10,13,7,16,25,25,25,15,25,25,8,1,11
13_2,25,2,13,1,9,25,7,16,25,8,6,25,3,25,10,15,14,25,25,25,12,11,5,4
140_0,25,8,25,25,25,25,11,25,5,25,10,6,25,3,9,7,25,25,25,2,25,4,1,25
140_1,25,7,25,10,25,9,25,4,2,25,11,25,25,3,5,6,25,25,8,1,25,25,25,25
140_2,25,4,25,25,25,9,3,5,25,25,25,25,10,6,25,8,2,1,25,25,7,25,25,11
141_1,25,4,25,13,10,9,2,7,1,25,25,25,11,12,6,3,25,25,25,25,25,5,8,25
141_2,25,7,11,8,10,9,12,6,25,5,25,25,13,3,25,25,1,25,25,25,4,25,2,25
142_0,7,14,8,10,12,6,25,11,3,25,2,5,25,13,25,25,9,25,25,25,1,4,25,25
142_1,25,25,25,2,10,25,8,4,25,11,25,25,6,13,3,5,12,25,14,25,25,7,9,1
143_0,11,9,1,25,25,25,25,5,25,25,6,25,25,25,8,3,25,25,25,2,25,4,7,10
143_1,25,3,25,6,25,8,1,4,2,5,25,10,25,25,25,25,25,25,9,7,25,11,25,25
143_2,25,4,25,25,25,8,25,25,25,11,5,25,6,25,10,9,2,7,25,25,3,25,1,25
144_0,6,4,2,25,10,25,25,5,25,25,25,3,25,25,9,7,11,25,25,25,1,8,25,12
144_2,25,8,25,11,25,9,25,25,25,6,5,10,25,3,12,4,25,25,25,25,7,1,2,25
145_0,7,25,5,25,16,10,2,4,8,9,14,25,25,13,11,6,12,25,25,1,25,25,3,15
145_1,25,6,25,14,25,11,5,25,1,4,2,15,10,13,8,25,16,9,25,3,25,7,12,25
146_0,5,25,1,6,25,7,25,25,4,25,25,3,25,25,10,9,11,25,25,2,25,25,8,25
146_1,25,9,25,25,6,10,1,25,2,25,25,25,7,25,4,3,25,25,25,8,25,5,11,25
146_2,25,25,7,11,6,10,25,4,25,5,25,25,25,3,25,25,2,8,25,25,9,25,1,25
147_1,25,25,25,2,8,6,25,25,25,7,4,25,3,10,5,25,9,25,25,25,25,25,25,1
147_2,25,25,3,25,8,6,10,5,25,25,7,9,2,25,25,25,25,25,25,25,25,1,25,4
148_0,25,3,25,10,25,25,25,11,4,9,25,1,25,25,5,25,8,25,25,25,2,7,6,25
148_1,25,25,25,25,10,5,25,7,25,11,25,25,25,25,4,1,25,9,3,6,25,25,8,2
148_2,25,7,25,8,10,5,25,4,25,25,11,25,25,1,25,3,25,6,25,9,25,2,25,25
149_0,25,7,3,25,25,15,2,25,10,6,11,5,25,14,12,25,25,25,25,1,4,8,9,13
149_1,25,25,25,11,25,12,3,8,1,25,2,13,15,14,10,5,25,6,7,9,25,25,25,4
149_2,25,8,15,25,25,12,14,10,25,25,25,25,11,5,13,7,1,9,25,6,25,4,3,2
14_0,4,25,3,13,25,25,25,7,11,25,10,8,25,25,14,1,6,25,25,12,2,5,25,9
14_1,25,1,25,10,13,14,3,5,12,7,25,9,25,25,11,8,25,25,25,25,25,4,6,2
150_1,25,6,25,11,8,10,4,14,1,5,25,16,12,17,7,3,25,15,25,25,25,9,13,2
150_2,25,14,12,13,8,10,17,7,25,9,5,25,11,3,16,25,1,25,25,15,6,2,4,25
151_1,25,6,25,3,25,9,25,7,4,15,8,13,1,16,5,25,25,25,14,12,25,10,11,2
151_2,25,7,1,11,25,9,16,5,25,10,15,25,3,25,13,14,4,12,25,25,6,2,25,8
152_0,9,25,25,25,25,25,3,5,25,8,2,1,25,25,25,10,6,25,25,25,25,7,25,4
152_1,25,10,25,2,25,25,25,7,25,5,3,4,25,25,25,1,25,8,25,25,25,9,6,25
152_2,25,7,25,6,25,25,25,25,25,9,5,25,2,1,4,25,25,25,25,8,10,25,25,3
153_0,25,5,3,25,25,10,8,25,7,25,25,2,25,25,25,6,12,25,25,1,4,11,9,25
153_1,25,6,25,25,25,25,3,11,1,25,8,25,10,25,7,2,25,25,5,9,25,25,12,4
153_2,25,11,10,12,25,25,25,7,25,25,25,25,25,2,25,5,1,9,25,25,6,4,3,8
154_0,6,25,3,4,25,25,11,5,25,25,1,25,25,25,12,2,13,25,25,25,8,10,9,7
154_1,25,2,25,1,4,12,3,10,25,5,11,7,25,25,25,25,25,25,25,9,25,6,13,8
154_2,25,10,25,13,4,12,25,25,25,6,5,25,1,25,7,25,25,9,25,25,2,8,3,11
155_0,9,25,25,25,25,25,1,25,7,12,10,2,25,13,25,11,25,25,25,4,3,5,6,25
155_2,25,5,25,25,25,25,13,7,25,9,25,25,10,2,25,25,4,6,25,12,11,3,25,1
156_0,11,1,3,10,14,5,25,4,25,13,8,15,25,25,7,6,25,25,25,2,25,12,25,9
156_1,25,6,25,8,10,7,3,12,2,4,25,9,5,25,25,15,14,13,1,25,25,11,25,25
156_2,25,12,5,25,10,7,25,25,25,11,4,14,8,15,9,1,2,25,25,13,6,25,3,25
157_0,13,4,3,12,25,25,2,8,25,14,17,5,16,11,25,9,15,25,25,1,6,25,10,7
157_1,16,9,25,17,12,25,3,25,1,8,2,7,25,11,25,5,25,14,4,10,25,13,15,6
157_2,25,25,25,15,12,25,11,25,16,13,8,25,17,5,7,4,1,10,25,14,9,6,3,2
158_0,25,25,25,25,25,25,25,5,25,25,3,7,25,25,25,9,25,25,25,4,1,8,6,2
158_1,25,9,25,3,25,25,25,8,4,5,25,2,25,25,25,7,25,25,25,6,25,25,25,1
158_2,25,8,25,25,25,25,25,25,25,25,5,25,3,7,2,25,4,6,25,25,9,1,25,25
159_1,25,25,25,5,7,25,6,25,25,2,8,25,25,25,4,25,25,25,10,9,25,3,25,1
159_2,25,25,25,25,7,25,25,4,25,3,2,25,5,25,25,10,25,9,25,25,25,1,6,8
15_0,12,16,10,7,25,25,17,11,5,25,4,9,25,6,25,3,14,25,25,13,2,1,8,15
15_2,25,1,25,14,7,25,6,5,25,12,11,25,4,9,15,16,13,8,25,25,3,2,10,17
160_0,25,13,25,14,8,2,25,11,15,6,25,9,10,3,7,25,25,25,25,5,1,25,12,4
160_1,10,25,25,25,14,7,25,25,5,11,25,4,2,3,15,9,8,6,13,12,25,25,25,1
161_0,17,15,5,25,11,2,25,7,6,8,4,9,12,1,13,25,10,25,25,16,3,14,25,25
161_1,12,25,25,4,25,13,5,14,16,7,25,25,2,1,6,9,11,8,15,25,25,17,10,3
161_2,25,14,2,10,25,13,1,6,12,17,7,11,4,9,25,15,16,25,25,8,25,3,5,25
162_0,6,15,17,25,13,1,25,9,12,7,4,10,25,2,11,16,25,25,25,25,5,14,8,3
162_1,25,16,25,4,25,11,17,14,25,9,25,3,1,2,12,10,13,7,15,8,25,6,25,5
162_2,25,14,1,25,25,11,2,12,25,6,9,13,4,10,3,15,25,8,25,7,16,5,17,25
163_0,9,7,4,25,25,25,25,25,5,11,1,25,25,10,8,3,2,25,25,25,6,25,25,12
163_2,25,25,25,2,25,8,10,5,25,9,25,25,1,25,12,7,25,25,25,11,3,6,4,25
164_0,25,5,25,25,9,25,25,3,25,25,25,25,25,1,6,8,4,25,25,7,25,10,25,2
164_1,25,8,25,25,25,6,25,10,7,3,25,2,25,1,25,25,9,25,5,25,25,25,4,25
164_2,25,10,25,4,25,6,1,25,25,25,3,9,25,25,2,5,7,25,25,25,8,25,25,25
165_2,25,16,4,25,5,13,7,6,25,25,3,10,14,9,2,12,15,8,25,25,25,1,11,25
166_0,7,25,8,25,11,2,25,9,6,10,5,25,25,1,13,12,14,25,25,4,25,15,25,3
166_1,25,12,25,5,25,13,8,15,4,9,25,3,2,1,6,25,11,10,25,25,25,7,14,25
166_2,25,15,2,14,25,13,1,6,25,7,9,11,5,25,3,25,4,25,25,10,12,25,8,25
167_0,25,7,3,1,25,9,25,25,5,25,4,25,25,2,6,25,12,25,25,8,25,11,25,10
167_2,25,11,9,12,1,6,2,5,25,25,25,25,4,25,10,7,8,25,25,25,25,25,3,25
168_0,25,25,4,10,25,5,25,1,9,25,25,8,25,3,11,12,2,25,25,25,6,25,25,7
168_1,25,12,25,25,10,11,4,25,25,1,25,7,5,3,9,8,25,25,25,25,25,25,2,6
168_2,25,25,5,2,10,11,3,9,25,25,1,25,25,8,7,25,25,25,25,25,12,6,4,25
169_0,6,25,9,13,25,1,16,25,7,10,5,11,25,3,8,25,25,25,25,12,2,15,14,4
169_1,25,25,25,5,13,8,9,15,12,25,16,4,1,3,7,11,25,10,25,14,25,6,25,2
169_2,25,15,1,25,13,8,3,7,25,6,25,25,5,11,4,25,12,14,25,10,25,2,9,16
16_1,25,3,25,2,14,10,9,12,4,25,11,6,25,25,25,1,25,25,25,8,25,7,13,5
16_2,25,12,25,13,14,10,25,25,25,7,25,25,2,1,6,25,4,8,25,25,3,5,9,11
170_0,6,17,5,15,11,1,16,25,25,9,3,13,8,4,10,25,25,25,25,7,2,14,12,25
170_1,8,25,25,3,15,10,5,14,7,25,16,25,1,4,25,13,11,9,17,12,25,6,25,2
171_0,7,25,3,8,25,25,12,5,11,25,25,6,25,25,25,25,25,25,25,4,9,10,2,1
171_2,25,10,25,25,8,25,25,11,25,7,5,25,25,6,1,25,4,2,25,25,25,9,3,12
172_0,3,25,25,25,8,25,25,25,25,25,25,10,11,5,7,9,25,25,25,4,1,12,6,2
172_1,11,9,25,25,25,7,25,12,4,25,25,2,25,5,25,10,8,25,25,6,25,3,25,1
172_2,25,12,25,25,25,7,5,25,11,3,25,8,25,10,2,25,4,6,25,25,9,1,25,25
173_1,7,25,25,25,25,8,5,25,6,14,12,4,2,3,13,25,11,10,15,9,25,25,25,1
173_2,25,25,2,25,25,8,3,13,7,25,14,11,25,25,4,15,6,9,25,10,25,1,5,12
174_0,11,25,9,6,25,8,25,3,25,25,7,1,25,12,13,2,4,25,25,25,5,10,25,25
174_1,25,2,25,7,6,13,9,10,25,3,25,25,8,12,25,1,25,25,25,25,25,11,4,5
174_2,25,10,8,4,6,13,12,25,25,11,3,25,7,1,25,25,25,25,25,25,2,5,9,25
175_0,1,25,5,25,25,25,25,3,4,25,8,25,25,25,7,25,25,25,25,25,6,2,25,25
175_1,25,25,25,8,25,7,5,2,25,3,25,25,25,25,4,25,25,25,25,25,25,1,25,6
175_2,25,2,25,25,25,7,25,4,25,1,3,25,8,25,25,25,25,25,25,25,25,6,5,25
176_0,5,25,25,1,25,8,9,4,25,25,2,25,25,25,25,25,25,25,25,6,25,25,3,7
176_1,25,25,25,2,1,25,25,25,6,4,9,7,8,25,25,25,25,25,25,3,25,5,25,25
176_2,25,25,8,25,1,25,25,25,25,5,4,25,2,25,7,25,6,3,25,25,25,25,25,9
177_0,7,11,25,25,25,8,6,25,3,4,25,25,25,5,25,2,10,25,25,25,9,25,25,1
177_1,25,2,25,25,25,25,25,25,25,25,6,1,8,5,3,25,25,4,11,25,25,7,10,9
177_2,25,25,8,10,25,25,5,3,25,7,25,25,25,25,1,11,25,25,25,4,2,9,25,6
178_1,25,25,25,1,3,25,9,25,25,25,25,6,25,7,5,25,8,25,25,4,25,2,25,25
179_1,25,2,25,3,8,25,25,4,25,5,25,10,12,6,9,25,7,25,25,25,25,1,25,11
179_2,25,4,12,25,8,25,6,9,25,1,5,7,3,25,10,25,25,25,25,25,2,11,25,25
17_0,16,18,14,4,25,25,2,11,9,6,12,10,25,5,8,25,15,25,25,17,7,1,3,13
17_1,25,25,25,12,4,8,14,1,17,11,2,13,25,5,9,10,25,6,18,3,25,16,15,7
17_2,25,1,25,15,4,8,5,9,25,16,11,25,12,10,13,18,17,3,25,6,25,7,14,2
180_2,25,1,25,25,5,10,2,25,25,6,25,25,25,25,25,25,8,3,25,25,7,9,4,11
181_0,25,25,3,6,25,25,8,4,25,10,5,25,25,7,25,25,2,25,25,9,11,1,25,25
181_1,25,25,25,5,6,25,3,1,9,4,8,25,25,7,25,25,25,10,25,25,25,25,2,11
181_2,25,1,25,2,6,25,7,25,25,25,4,25,5,25,25,25,9,25,25,10,25,11,3,8
182_0,25,11,8,6,25,25,4,3,7,5,25,25,25,9,16,1,12,25,25,15,13,2,14,10
182_1,25,1,25,25,6,16,8,2,15,3,4,10,25,9,7,25,25,5,11,14,25,25,12,13
183_0,1,25,25,3,25,14,11,25,12,13,25,25,8,7,6,2,9,25,25,10,15,25,4,5
183_1,8,2,25,25,3,6,25,25,10,25,11,5,14,7,12,25,25,13,25,4,25,1,9,15
184_1,25,5,25,25,2,25,25,1,9,4,3,7,10,25,25,25,25,25,25,8,25,25,11,6
184_2,25,1,10,11,2,25,25,25,25,25,4,25,25,25,7,25,9,8,25,25,5,6,25,3
185_1,6,2,25,25,1,25,5,16,10,9,17,7,11,8,25,15,25,14,25,4,25,3,12,13
185_2,25,16,11,12,1,25,8,25,6,3,9,25,25,15,7,25,10,4,25,14,2,13,5,17
186_1,25,1,25,15,2,25,10,9,13,5,16,14,25,12,11,25,6,8,25,3,25,4,7,25
187_0,25,25,4,3,10,25,1,2,25,7,8,25,25,25,25,5,25,25,25,11,25,6,9,25
187_1,25,5,25,8,3,25,4,6,11,2,1,25,25,25,25,25,10,7,25,9,25,25,25,25
187_2,25,6,25,25,3,25,25,25,25,25,2,10,8,25,25,25,11,9,25,7,5,25,4,1
188_1,25,25,25,25,25,25,3,7,6,4,25,10,25,2,25,8,25,25,25,25,25,5,1,9
188_2,25,7,25,1,25,25,2,25,25,5,4,25,25,8,10,25,6,25,25,25,25,9,3,25
189_0,1,25,25,3,25,25,9,8,5,10,25,25,25,11,4,25,25,25,25,25,25,7,6,2
189_1,25,25,25,25,3,4,25,7,25,8,9,2,25,11,5,25,25,10,25,6,25,1,25,25
189_2,25,7,25,25,3,4,11,5,25,1,8,25,25,25,2,25,25,6,25,10,25,25,25,9
18_0,25,25,4,25,25,25,25,5,3,25,7,8,25,2,25,1,25,25,25,25,25,25,25,6
18_1,25,1,25,7,25,25,4,25,25,5,25,6,25,2,3,8,25,25,25,25,25,25,25,25
18_2,25,25,25,25,25,25,2,3,25,25,5,25,7,8,6,25,25,25,25,25,1,25,4,25
190_2,25,4,7,1,3,11,25,14,25,6,5,25,2,9,10,25,12,25,25,25,25,13,8,25
191_0,25,25,25,6,25,25,4,7,25,25,5,9,25,25,8,2,25,25,25,25,3,25,1,25
191_1,25,2,25,5,6,8,25,25,25,7,4,25,25,25,25,9,25,25,25,1,25,25,25,3
191_2,25,25,25,25,6,8,25,25,25,25,7,25,5,9,25,25,25,1,25,25,2,3,25,4
192_1,25,2,25,7,11,25,25,25,9,4,8,3,25,25,6,25,10,25,25,1,25,25,25,5
192_2,25,25,25,25,11,25,25,6,25,25,4,10,7,25,3,25,9,1,25,25,2,5,25,8
193_0,25,14,10,25,13,8,5,25,7,25,1,25,25,11,12,6,25,25,25,9,15,2,3,4
193_1,25,6,25,1,25,12,10,2,9,25,5,4,8,11,7,25,13,25,14,3,25,25,25,15
193_2,25,2,8,25,25,12,11,7,25,25,25,13,1,25,4,14,9,3,25,25,6,15,10,5
194_0,25,8,7,25,25,25,3,25,25,25,4,11,25,25,10,1,25,25,25,6,5,9,25,2
194_1,25,1,25,4,25,10,7,9,6,25,3,2,25,25,25,11,25,25,8,25,25,25,25,5
194_2,25,9,25,25,25,10,25,25,25,25,25,25,4,11,2,8,6,25,25,25,1,5,7,3
195_0,25,15,5,25,12,25,10,11,25,14,3,6,25,9,13,2,7,25,25,8,16,1,25,4
195_1,25,2,25,3,25,13,5,1,8,11,10,4,25,9,25,6,12,14,15,25,25,25,7,16
196_0,4,9,25,6,25,8,12,25,2,25,10,5,25,25,11,25,7,25,25,25,25,1,3,25
196_1,25,25,25,10,6,11,25,1,25,25,12,25,8,25,2,5,25,25,9,3,25,4,7,25
196_2,25,1,8,7,6,11,25,2,25,4,25,25,10,5,25,9,25,3,25,25,25,25,25,12
197_1,25,25,25,25,25,6,4,25,25,1,9,10,25,2,5,25,25,25,25,25,25,8,7,3
198_0,3,25,10,13,25,25,12,16,9,25,1,4,17,25,8,6,14,25,25,15,11,2,7,5
198_1,17,6,25,1,13,8,10,2,15,16,12,5,25,25,9,4,25,25,25,7,25,3,14,11
198_2,25,2,25,14,13,8,25,9,17,3,16,25,1,4,5,25,15,7,25,25,6,11,10,12
199_0,2,25,25,25,25,9,25,6,5,25,1,7,8,25,25,25,25,25,25,25,25,3,25,4
199_1,8,25,25,1,25,25,25,3,25,6,25,4,9,25,5,7,25,25,25,25,25,2,25,25
199_2,25,3,9,25,25,25,25,5,8,2,6,25,1,7,4,25,25,25,25,25,25,25,25,25
19_0,4,25,8,25,13,15,11,3,14,12,1,2,25,6,10,5,7,25,25,16,25,9,25,17
19_1,25,5,25,1,25,10,8,9,16,3,11,17,15,6,14,2,13,12,25,25,25,4,7,25
1_0,12,7,5,1,25,2,25,25,6,25,15,14,25,10,11,25,13,25,25,25,4,9,3,8
1_1,25,25,25,15,1,11,5,9,25,25,25,8,2,10,6,14,25,25,7,3,25,12,13,4
1_2,25,9,2,13,1,11,10,6,25,12,25,25,15,14,8,7,25,3,25,25,25,4,5,25
200_0,25,25,25,25,25,12,25,5,25,11,3,6,25,10,7,2,8,25,25,25,25,1,4,9
200_1,25,2,25,3,25,7,25,1,25,5,25,9,12,10,25,6,25,11,25,4,25,25,8,25
200_2,25,1,12,8,25,7,10,25,25,25,5,25,3,6,9,25,25,4,25,11,2,25,25,25
201_0,1,4,25,14,25,13,25,6,7,16,5,3,25,12,25,2,25,25,25,9,15,8,10,11
201_1,25,2,25,5,14,25,25,8,9,6,25,11,13,12,7,3,25,16,4,10,25,1,25,15
201_2,25,8,13,25,14,25,12,7,25,1,6,25,5,3,11,4,9,10,25,16,2,15,25,25
202_0,6,4,25,25,15,14,13,9,8,25,1,3,25,25,10,2,11,25,25,5,12,25,7,25
202_1,25,2,25,1,25,10,25,25,5,9,13,25,14,25,8,3,15,25,4,7,25,6,11,12
202_2,25,25,14,11,25,10,25,8,25,6,9,15,1,3,25,4,5,7,25,25,2,12,25,13
203_0,25,25,2,8,25,25,5,25,25,25,4,25,25,6,25,7,25,25,25,25,3,1,25,25
203_1,25,7,25,4,8,25,2,1,25,25,5,25,25,6,25,25,25,25,25,25,25,25,25,3
203_2,25,1,25,25,8,25,6,25,25,25,25,25,4,25,25,25,25,25,25,25,7,3,2,5
204_0,4,6,10,25,11,9,25,3,8,12,1,25,25,13,25,25,25,25,25,7,25,2,5,25
204_1,25,25,25,1,25,25,10,2,7,3,25,25,9,13,8,25,11,12,6,5,25,4,25,25
204_2,25,2,9,25,25,25,13,8,25,4,3,11,1,25,25,6,7,5,25,12,25,25,10,25
205_0,1,9,11,14,25,16,13,25,6,25,2,8,15,25,25,3,25,25,25,5,12,4,10,7
205_1,15,3,25,2,14,25,11,4,5,25,13,7,16,25,6,8,25,25,9,10,25,1,25,12
205_2,25,4,16,25,14,25,25,6,15,1,25,25,2,8,7,9,5,10,25,25,3,12,11,13
206_0,1,4,25,25,25,25,25,25,8,25,25,6,25,12,10,3,25,25,25,5,11,2,7,9
206_1,25,3,25,25,25,10,25,2,5,25,25,9,25,12,8,6,25,25,4,7,25,1,25,11
206_2,25,2,25,25,25,10,12,8,25,1,25,25,25,6,9,4,5,7,25,25,3,11,25,25
207_0,7,25,25,25,25,25,3,25,25,25,5,8,25,9,6,1,4,25,25,25,25,10,25,2
207_1,25,1,25,5,25,6,25,10,25,25,3,2,25,9,25,8,25,25,25,25,25,7,4,25
207_2,25,10,25,4,25,6,9,25,25,7,25,25,5,8,2,25,25,25,25,25,1,25,25,3
208_0,13,2,25,25,18,14,6,25,8,11,1,3,25,12,17,10,7,25,25,15,9,4,16,5
208_2,25,4,14,7,25,17,12,8,25,13,25,18,1,3,5,2,15,16,25,11,10,9,25,6
209_2,25,25,6,25,25,10,25,25,25,4,1,25,25,25,25,25,2,8,25,25,9,7,3,5
20_1,25,13,25,15,6,7,10,1,9,5,17,14,25,4,8,2,11,12,16,25,25,18,19,3
20_2,25,1,25,19,6,7,4,8,25,18,5,11,15,2,14,16,9,25,25,12,13,3,10,17
210_0,25,25,25,25,11,25,3,2,25,7,8,1,25,4,25,25,25,25,25,5,10,9,6,25
210_1,25,25,25,8,25,25,25,9,5,2,3,25,25,4,25,1,11,7,25,6,25,25,25,10
210_2,25,9,25,25,25,25,4,25,25,25,2,11,8,1,25,25,5,6,25,7,25,10,25,3
211_2,25,25,7,25,25,25,25,6,25,5,25,10,25,4,1,9,8,3,25,25,25,25,2,25
212_0,25,13,25,25,25,25,3,25,9,10,1,2,14,15,25,6,5,25,25,11,8,7,12,4
212_1,14,6,25,1,25,25,25,7,11,25,3,4,25,15,9,2,25,10,13,12,25,25,5,8
213_1,25,7,25,1,5,6,25,25,4,25,25,25,25,25,3,25,25,25,10,2,25,8,9,11
213_2,25,25,25,9,5,6,25,3,25,8,25,25,1,25,25,10,4,2,25,25,7,11,25,25
214_0,25,25,25,25,11,12,5,6,9,25,1,4,25,10,8,7,25,25,25,25,2,25,3,25
214_1,25,7,25,1,25,8,25,25,25,6,5,25,12,10,9,4,11,25,25,3,25,25,25,2
214_2,25,25,12,25,25,8,10,9,25,25,6,11,1,4,25,25,25,3,25,25,7,2,25,5
215_0,25,25,25,25,25,11,25,5,7,9,25,1,25,8,6,4,25,25,25,2,25,10,25,3
215_1,25,4,25,25,25,6,25,10,2,5,25,3,11,8,7,1,25,9,25,25,25,25,25,25
215_2,25,10,11,25,25,6,8,7,25,25,5,25,25,1,3,25,2,25,25,9,4,25,25,25
216_0,25,1,25,25,9,25,25,5,11,25,25,25,25,4,7,25,8,25,25,6,10,25,3,2
216_1,25,25,25,25,25,7,25,25,6,5,25,2,25,4,11,25,9,25,1,3,25,25,8,10
217_0,13,25,25,25,10,6,9,5,25,8,1,25,25,7,2,25,3,25,25,11,25,12,25,4
217_1,25,25,25,1,25,2,25,12,11,5,9,4,6,7,25,25,10,8,25,25,25,13,3,25
217_2,25,12,6,3,25,2,7,25,25,13,5,10,1,25,4,25,11,25,25,8,25,25,25,9
218_0,11,12,25,7,14,25,10,25,2,6,5,3,9,15,13,25,4,25,25,8,25,25,25,1
218_2,25,25,25,4,7,13,15,2,9,11,25,14,5,3,1,12,8,25,25,6,25,25,25,10
219_1,12,1,25,5,25,25,13,14,2,25,8,6,11,10,4,3,25,7,25,9,25,25,25,25
219_2,25,14,11,25,25,25,10,4,12,25,25,25,5,3,6,25,2,9,25,7,1,25,13,8
21_0,12,10,25,8,25,25,13,25,25,25,25,1,25,9,6,3,5,25,25,11,4,2,25,7
21_1,25,3,25,25,8,6,25,2,11,25,13,7,25,9,25,1,25,25,10,25,25,12,5,4
21_2,25,2,25,5,8,6,9,25,25,12,25,25,25,1,7,10,11,25,25,25,3,4,25,13
220_0,13,10,14,8,9,25,25,5,4,11,1,3,25,25,25,2,7,25,25,25,12,25,25,6
220_1,25,2,25,1,8,25,14,25,25,5,25,6,25,25,4,3,9,11,10,25,25,13,7,12
220_2,25,25,25,7,8,25,25,4,25,13,5,9,1,3,6,10,25,25,25,11,2,12,14,25
221_0,7,25,1,8,25,4,25,6,25,9,25,2,25,25,25,25,25,25,25,25,25,5,10,3
221_1,25,25,25,25,8,25,1,5,25,6,25,3,4,25,25,2,25,9,25,10,25,7,25,25
221_2,25,5,4,25,8,25,25,25,25,7,6,25,25,2,3,25,25,10,25,9,25,25,1,25
222_0,25,25,9,12,25,25,3,1,25,8,25,2,25,7,11,10,6,25,25,5,13,25,4,25
222_1,25,10,25,25,12,11,9,25,5,1,3,25,25,7,25,2,25,8,25,4,25,25,6,13
222_2,25,25,25,6,12,11,7,25,25,25,1,25,25,2,25,25,5,4,25,8,10,13,9,3
223_0,12,9,25,25,17,10,5,25,25,4,7,6,14,11,25,2,8,25,25,13,16,15,1,3
223_2,25,15,10,8,25,25,11,25,14,12,25,17,7,6,3,9,13,1,25,4,2,16,25,5
224_2,25,10,25,4,9,11,25,25,25,1,2,25,8,25,7,25,3,6,25,25,25,25,25,5
225_0,11,10,25,1,25,9,5,6,3,12,25,2,25,25,25,25,25,25,25,4,7,25,8,25
225_1,25,25,25,25,1,25,25,25,4,6,5,25,9,25,3,2,25,12,10,8,25,11,25,7
225_2,25,25,9,25,1,25,25,3,25,11,6,25,25,2,25,10,4,8,25,12,25,7,25,5
226_0,9,25,2,25,25,25,25,8,25,25,6,3,10,4,25,7,1,25,25,25,5,25,25,25
226_1,10,7,25,6,25,25,2,25,25,8,25,25,25,4,25,3,25,25,25,25,25,9,1,5
226_2,25,25,25,1,25,25,4,25,10,9,8,25,6,3,25,25,25,25,25,25,7,5,2,25
227_0,7,12,2,4,25,25,8,1,5,6,25,25,25,13,9,3,11,25,25,25,25,10,25,25
227_1,25,3,25,25,4,9,2,10,25,1,8,25,25,13,5,25,25,6,12,25,25,7,11,25
228_0,25,25,2,10,25,3,8,11,5,9,25,25,25,25,25,25,1,25,25,4,6,7,25,25
228_1,25,25,25,25,10,25,2,7,4,11,8,25,3,25,5,25,25,9,25,25,25,25,1,6
228_2,25,7,3,1,10,25,25,5,25,25,11,25,25,25,25,25,4,25,25,9,25,6,2,8
229_0,25,25,4,25,25,25,25,25,1,25,6,5,25,25,25,2,25,25,25,3,25,25,25,7
229_1,25,2,25,6,25,25,4,25,3,25,25,7,25,25,1,5,25,25,25,25,25,25,25,25
229_2,25,25,25,25,25,25,25,1,25,25,25,25,6,5,7,25,3,25,25,25,2,25,4,25
22_0,10,14,6,16,25,17,15,12,8,25,25,3,25,5,11,2,7,25,25,13,4,9,1,25
22_2,25,9,17,7,16,11,5,8,25,10,12,25,25,3,25,14,13,1,25,25,2,4,6,15
230_2,25,25,25,25,25,25,25,1,25,25,25,25,25,2,4,25,5,6,25,25,25,25,3,25
231_0,7,25,25,25,6,25,5,2,25,25,25,25,25,8,25,4,1,25,25,25,3,25,25,25
231_1,25,4,25,25,25,25,25,25,25,2,5,25,25,8,25,25,6,25,25,25,25,7,1,3
231_2,25,25,25,1,25,25,8,25,25,7,2,6,25,25,25,25,25,25,25,25,4,3,25,5
232_0,25,12,2,1,25,25,10,7,9,8,25,3,25,25,4,6,11,25,25,5,25,25,25,25
232_1,25,6,25,25,1,4,2,25,5,7,10,25,25,25,9,3,25,8,12,25,25,25,11,25
233_0,9,25,25,25,25,25,3,1,4,6,8,10,25,11,2,5,25,25,25,25,25,25,7,25
233_2,25,25,25,25,25,2,11,4,25,9,1,25,8,10,25,25,25,7,25,6,5,25,25,3
234_0,11,25,3,13,25,10,25,7,4,25,2,25,25,6,12,5,25,25,25,9,25,1,25,8
234_1,25,5,25,2,13,12,3,1,9,7,25,8,10,6,4,25,25,25,25,25,25,11,25,25
234_2,25,1,10,25,13,12,6,4,25,11,7,25,2,25,8,25,9,25,25,25,5,25,3,25
235_0,8,10,1,25,25,25,25,5,9,25,25,3,25,6,25,25,7,25,25,4,25,2,25,25
235_1,25,25,25,25,25,25,1,2,4,5,25,25,25,6,9,3,25,25,10,25,25,8,7,25
235_2,25,2,25,7,25,25,6,9,25,8,5,25,25,3,25,10,4,25,25,25,25,25,1,25
236_0,8,25,2,10,25,25,5,25,1,25,25,3,25,25,25,25,25,25,25,25,7,6,9,4
236_1,25,25,25,25,10,25,2,6,25,25,5,4,25,25,1,3,25,25,25,9,25,8,25,7
236_2,25,6,25,25,10,25,25,1,25,8,25,25,25,3,4,25,25,9,25,25,25,7,2,5
237_0,25,4,7,25,25,25,25,25,1,25,8,2,25,5,10,25,25,25,25,3,25,9,6,25
237_2,25,9,25,25,25,10,5,1,25,25,25,25,8,2,25,4,3,6,25,25,25,25,7,25
238_1,25,13,25,25,14,12,1,8,25,10,11,7,16,25,3,4,25,15,9,25,25,2,6,5
239_1,25,8,25,11,4,12,25,1,25,7,25,6,5,9,2,25,25,25,25,10,25,13,25,3
239_2,25,1,5,25,4,12,9,2,25,13,7,25,11,25,6,25,25,10,25,25,8,3,25,25
23_0,13,25,10,25,25,5,25,8,25,6,25,9,25,14,11,1,4,25,25,12,2,25,3,7
23_1,25,1,25,25,25,11,10,25,12,8,25,7,5,14,25,9,25,6,25,3,25,13,4,2
23_2,25,25,5,4,25,11,14,25,25,13,8,25,25,9,7,25,12,3,25,6,1,2,10,25
24_0,6,25,25,25,25,8,25,9,10,7,13,25,25,2,11,25,12,25,25,4,1,3,5,25
24_1,25,25,25,13,25,11,25,3,4,9,25,25,8,2,10,25,25,7,25,5,25,6,12,1
24_2,25,3,8,12,25,11,2,10,25,6,9,25,13,25,25,25,4,5,25,7,25,1,25,25
25_0,3,18,8,19,25,12,7,4,16,14,17,2,25,13,25,10,6,25,25,11,5,9,1,15
25_1,25,10,25,17,19,25,8,9,11,4,7,15,12,13,16,2,25,14,18,1,25,3,6,5
25_2,25,9,12,6,19,25,13,16,25,3,4,25,17,2,15,18,11,1,25,14,10,5,8,7
26_1,25,1,25,11,10,25,6,7,12,5,25,8,3,2,9,4,25,25,25,13,25,25,25,25
26_2,25,7,3,25,10,25,2,9,25,25,5,25,11,4,8,25,12,13,25,25,1,25,6,25
27_0,9,16,11,15,25,8,2,5,10,25,12,6,25,4,17,1,25,25,25,25,7,13,3,14
27_1,25,1,25,12,15,17,11,13,25,5,2,14,8,4,10,6,25,25,16,3,25,9,25,7
27_2,25,13,8,25,15,17,4,10,25,9,5,25,12,6,14,16,25,3,25,25,1,7,11,2
28_0,7,15,4,25,25,25,6,1,14,16,18,3,25,10,12,5,9,25,25,2,8,11,17,13
28_1,25,5,25,18,25,12,4,11,2,1,6,13,25,10,14,3,25,16,15,17,25,7,9,8
28_2,25,11,25,9,25,12,10,14,25,7,1,25,18,3,13,15,2,17,25,16,5,8,4,6
29_0,25,16,4,12,25,14,1,15,8,25,25,3,25,9,6,2,13,25,25,11,7,5,17,10
29_1,25,2,25,25,12,6,4,5,11,15,1,10,14,9,8,3,25,25,16,17,25,25,13,7
29_2,25,5,14,13,12,6,9,8,25,25,15,25,25,3,10,16,11,17,25,25,2,7,4,1
2_0,6,16,11,1,25,5,9,12,8,25,14,25,25,2,18,7,15,25,25,13,3,17,4,10
2_1,25,7,25,14,1,18,11,17,13,12,9,10,5,2,8,25,25,25,16,4,25,6,15,3
2_2,25,17,5,15,1,18,2,8,25,6,12,25,14,25,10,16,13,4,25,25,7,3,11,9
30_0,16,17,4,13,25,5,25,10,12,25,7,18,25,2,15,3,8,25,25,9,6,11,1,14
30_2,25,11,5,8,13,15,2,12,25,16,10,25,7,18,14,17,9,1,25,25,3,6,4,25
31_0,13,25,4,19,25,1,10,2,14,17,18,9,25,5,15,7,8,25,25,11,3,16,6,12
31_1,25,7,25,18,19,15,4,16,11,2,10,12,1,5,14,9,25,17,25,6,25,13,8,3
31_2,25,16,1,8,19,15,5,14,25,13,2,25,18,9,12,25,11,6,25,17,7,3,4,10
32_0,25,14,1,25,25,5,25,10,2,25,12,15,25,6,9,3,25,25,25,4,11,7,13,8
32_1,25,3,25,12,25,9,1,7,4,10,25,8,5,6,2,15,25,25,14,13,25,25,25,11
32_2,25,7,5,25,25,9,6,2,25,25,10,25,12,15,8,14,4,13,25,25,3,11,1,25
337_0,9,25,15,6,25,13,7,11,1,14,2,17,25,5,16,3,25,25,25,8,12,10,4,25
338_0,10,25,13,12,25,25,25,2,4,14,3,25,25,5,25,6,11,25,25,1,9,7,8,25
338_1,25,6,25,3,12,25,13,7,1,2,25,25,25,5,4,25,25,14,25,8,25,10,11,9
338_2,25,7,25,11,12,25,5,4,25,10,2,25,3,25,25,25,1,8,25,14,6,9,13,25
339_0,25,10,25,25,14,25,8,4,13,25,7,17,16,3,9,6,11,25,15,2,5,12,1,25
339_2,15,12,25,11,25,9,3,13,16,25,4,14,7,17,25,10,2,1,25,25,6,5,25,8
33_2,25,5,25,14,8,6,9,11,25,25,25,25,10,3,15,13,25,7,25,25,12,2,1,4
340_1,25,2,25,25,13,7,14,10,1,5,6,9,25,3,4,11,25,17,16,12,25,25,15,8
341_0,4,16,8,25,19,12,3,18,2,11,17,7,25,13,10,14,25,25,25,5,1,15,9,6
341_1,25,14,25,17,25,10,8,15,5,18,3,6,12,13,2,7,19,11,16,9,25,4,25,1
341_2,25,15,12,25,25,10,13,2,25,4,18,19,17,7,6,16,5,9,25,11,14,1,8,3
342_1,25,5,14,4,12,10,25,25,1,3,25,25,11,7,6,15,25,13,25,2,25,9,25,8
343_0,13,10,25,4,15,12,2,6,8,17,7,25,19,5,16,1,11,20,25,3,9,14,25,18
343_1,19,1,25,7,4,16,25,14,3,6,2,18,12,5,8,25,15,17,10,25,20,13,11,9
344_0,9,25,16,11,17,12,2,7,3,13,15,25,19,6,8,1,25,18,25,5,10,14,4,25
344_2,25,14,12,25,11,8,6,3,19,9,7,17,15,25,25,25,5,4,18,13,1,10,16,2
345_2,20,4,13,12,15,9,10,8,17,16,5,14,11,21,19,7,25,1,18,25,2,6,25,3
346_0,11,25,17,20,10,12,4,25,14,6,15,16,13,3,25,2,9,19,25,1,8,5,7,18
346_1,13,2,25,15,20,25,17,5,1,25,4,18,12,3,14,16,10,6,25,7,19,11,9,8
346_2,25,5,12,9,20,25,3,14,13,11,25,10,15,16,18,25,1,7,19,6,2,8,17,4
347_0,16,15,25,25,13,25,5,7,1,11,2,25,10,8,14,4,9,19,25,6,17,12,3,18
347_1,10,4,25,2,25,14,25,12,6,7,5,18,25,8,1,25,13,11,15,3,19,16,9,17
347_2,25,12,25,9,25,14,8,1,10,16,7,13,2,25,18,15,6,3,19,11,4,17,25,5
348_0,13,25,14,19,6,12,8,25,2,9,4,15,5,25,7,25,11,17,18,1,25,10,3,16
348_2,18,10,12,11,19,7,25,2,5,13,25,6,4,15,16,25,1,3,17,9,25,25,14,8
349_1,17,1,25,4,7,12,16,10,2,3,25,18,13,6,25,19,9,14,8,15,25,20,11,5
349_2,25,10,13,11,7,12,6,25,17,20,3,9,4,19,18,8,2,15,25,14,1,5,16,25
34_0,25,17,4,25,25,9,8,25,15,11,13,3,25,5,16,1,14,25,25,7,6,10,2,12
34_1,25,1,25,13,25,16,4,10,7,25,8,12,9,5,15,3,25,11,17,2,25,25,14,6
350_0,19,7,8,9,20,15,4,17,18,13,25,16,25,1,11,5,14,25,25,2,6,12,10,3
350_1,25,5,25,25,9,11,8,12,2,17,4,3,15,1,18,16,20,13,7,10,25,19,14,6
350_2,25,12,15,14,9,11,1,18,25,19,17,20,25,16,3,7,2,10,25,13,5,6,8,4
351_0,6,12,1,25,10,14,3,16,5,25,25,8,11,25,25,25,13,25,15,9,25,2,4,7
351_1,11,25,15,25,25,25,1,2,9,16,3,7,14,25,5,8,10,25,12,4,25,6,13,25
351_2,15,2,14,13,25,25,25,5,11,6,16,10,25,8,7,12,9,4,25,25,25,25,1,3
352_0,16,15,3,6,25,7,4,12,25,25,14,13,25,8,11,5,10,25,25,2,25,9,1,25
352_1,25,5,25,14,6,11,3,9,2,12,4,25,7,8,25,13,25,25,15,1,25,16,10,25
353_0,7,11,1,6,10,25,25,13,25,8,25,3,25,9,4,2,15,14,25,25,25,25,12,5
354_0,14,11,3,25,8,13,2,18,6,10,20,15,16,17,22,4,7,21,25,12,19,1,5,9
354_1,16,4,25,20,25,22,3,1,12,18,2,9,13,17,6,15,8,10,11,5,21,14,7,19
355_2,25,1,14,15,20,9,11,4,19,12,17,18,25,10,5,16,13,3,25,6,2,21,7,8
35_0,9,25,2,13,25,15,1,7,12,25,14,3,25,10,18,5,4,25,25,6,11,16,8,17
36_0,15,14,2,16,25,8,9,10,7,25,25,12,25,4,11,3,5,25,25,25,6,13,17,1
36_1,25,3,25,25,16,11,2,13,25,10,9,1,8,4,7,12,25,25,14,17,25,15,5,6
37_0,16,9,1,6,25,17,7,8,25,14,18,13,25,4,15,2,11,25,25,25,5,12,10,3
37_1,25,2,25,18,6,15,1,12,25,8,7,3,17,4,25,13,25,14,9,10,25,16,11,5
37_2,25,12,17,11,6,15,4,25,25,16,8,25,18,13,3,9,25,10,25,14,2,5,1,7
38_1,25,2,25,6,8,12,5,25,25,9,7,3,25,4,10,25,25,14,11,15,25,16,13,1
38_2,25,25,25,13,8,12,4,10,25,16,9,25,6,25,3,11,25,15,25,14,2,1,5,7
39_0,12,25,3,11,25,25,25,7,6,25,4,8,14,25,10,2,9,25,25,5,1,25,13,25
39_1,14,2,25,4,11,10,3,25,5,7,25,25,25,25,6,8,25,25,25,13,25,12,9,1
3_0,17,4,9,2,25,14,16,5,15,8,11,10,25,12,1,6,3,25,25,7,13,25,25,25
3_1,25,6,25,11,2,1,9,25,7,5,16,25,14,12,15,10,25,8,4,25,25,17,3,13
3_2,25,25,14,3,2,1,12,15,25,17,5,25,11,10,25,4,7,25,25,8,6,13,9,16
40_0,11,25,1,18,9,16,15,13,12,7,5,17,19,6,10,2,4,25,25,14,3,25,25,8
40_2,25,25,16,4,18,10,6,12,19,11,13,9,5,17,8,25,14,25,25,7,2,3,1,15
41_0,11,3,7,25,25,25,25,4,10,25,25,6,25,2,8,1,12,25,25,25,25,9,25,5
41_1,25,1,25,25,25,8,7,9,25,4,25,5,25,2,10,6,25,25,3,25,25,11,12,25
41_2,25,9,25,12,25,8,2,10,25,11,4,25,25,6,5,3,25,25,25,25,1,25,7,25
42_0,8,15,2,9,25,13,7,5,16,25,25,3,25,25,10,1,17,25,25,14,6,11,12,4
42_1,25,1,25,25,9,10,2,11,14,5,7,4,13,25,16,3,25,25,15,12,25,8,17,6
42_2,25,11,13,17,9,10,25,16,25,8,5,25,25,3,4,15,14,12,25,25,1,6,2,7
43_0,8,14,7,25,25,10,25,15,9,25,4,16,25,5,11,3,6,25,25,13,2,12,17,1
43_1,25,3,25,4,25,11,7,12,13,15,25,1,10,5,9,16,25,25,14,17,25,8,6,2
43_2,25,12,10,6,25,11,5,9,25,8,15,25,4,16,1,14,13,17,25,25,3,2,7,25
44_0,10,16,2,25,25,25,25,7,12,13,4,14,15,6,9,3,8,25,25,11,5,25,25,1
44_1,15,3,25,4,25,9,2,25,11,7,25,1,25,6,12,14,25,13,16,25,25,10,8,5
44_2,25,25,25,8,25,9,6,12,15,10,7,25,4,14,1,16,11,25,25,13,3,5,2,25
45_0,25,25,1,12,25,25,13,8,25,4,7,25,25,6,11,9,10,25,25,5,2,3,25,25
45_1,25,9,25,7,12,11,1,3,5,8,13,25,25,6,25,25,25,4,25,25,25,25,10,2
46_0,25,6,4,25,14,18,10,8,7,25,5,15,25,3,12,1,16,25,25,11,13,9,17,2
46_1,25,1,25,5,25,12,4,9,11,8,10,2,18,3,7,15,14,25,6,17,25,25,16,13
46_2,25,9,18,16,25,12,3,7,25,25,8,14,5,15,2,6,11,17,25,25,1,13,4,10
47_0,13,12,3,14,11,17,16,6,7,15,8,18,20,4,9,5,19,25,25,10,1,25,21,2
47_2,25,25,17,19,14,9,4,7,20,13,6,11,8,18,2,12,10,21,25,15,5,1,3,16
48_0,8,15,1,14,13,10,11,7,6,17,5,16,20,4,12,2,18,25,25,25,25,9,19,3
49_0,25,10,3,16,25,13,11,8,6,12,9,15,17,5,25,4,25,25,25,25,2,7,14,1
49_1,17,4,25,9,16,25,3,7,25,8,11,1,13,5,6,15,25,12,10,14,25,25,25,2
49_2,25,7,13,25,16,25,5,6,17,25,8,25,9,15,1,10,25,14,25,12,4,2,3,11
4_1,25,4,25,13,11,2,8,3,7,12,10,25,15,19,9,6,25,17,5,14,25,16,1,18
4_2,25,3,15,1,11,2,19,9,25,16,12,25,13,6,25,5,7,14,25,17,4,18,8,10
50_0,11,25,25,25,25,10,13,2,25,9,7,15,12,14,5,1,25,25,25,4,6,25,8,3
50_1,12,1,25,7,25,5,25,25,4,2,13,3,10,14,25,15,25,9,25,8,25,11,25,6
50_2,25,25,10,25,25,5,14,25,12,11,2,25,7,15,3,25,4,8,25,9,1,6,25,13
51_0,5,25,2,25,12,15,13,9,16,6,25,14,17,7,11,25,4,25,25,8,3,10,25,1
51_1,17,25,25,25,25,11,2,10,8,9,13,1,15,7,16,14,12,6,25,25,25,5,4,3
52_0,25,25,3,25,13,25,9,25,4,11,1,5,25,6,25,7,14,25,25,2,12,25,8,10
52_1,25,7,25,1,25,25,3,25,2,25,9,10,25,6,4,5,13,11,25,8,25,25,14,12
52_2,25,25,25,14,25,25,6,4,25,25,25,13,1,5,10,25,2,8,25,11,7,12,3,9
53_0,11,17,3,13,25,8,25,18,1,25,10,16,25,7,5,12,2,25,25,4,6,14,15,9
53_2,25,14,8,2,13,5,7,1,25,11,18,25,10,16,9,17,4,15,25,25,12,6,3,25
54_0,25,13,14,12,7,25,10,5,2,25,9,25,25,25,4,25,6,25,25,1,3,11,8,25
54_1,25,25,25,9,12,4,14,11,1,5,10,25,25,25,2,25,7,25,13,8,25,25,6,3
54_2,25,11,25,6,12,4,25,2,25,25,5,7,9,25,25,13,1,8,25,25,25,3,14,10
55_0,25,6,12,25,25,13,25,8,2,25,10,5,25,1,25,4,25,25,25,3,7,11,9,25
55_1,25,4,25,10,25,25,12,11,3,8,25,25,13,1,2,5,25,25,6,9,25,25,25,7
55_2,25,11,13,25,25,25,1,2,25,25,8,25,10,5,25,6,3,9,25,25,4,7,12,25
56_0,14,16,5,15,12,25,8,25,2,25,25,25,25,11,3,13,1,25,25,7,6,9,10,4
56_1,25,13,25,25,15,3,5,9,7,25,8,4,25,11,2,25,12,25,16,10,25,14,1,6
56_2,25,9,25,1,15,3,11,2,25,14,25,12,25,25,4,16,7,10,25,25,13,6,5,8
57_0,11,12,4,13,25,25,6,25,2,8,25,9,25,7,25,10,1,25,25,25,25,25,5,3
58_0,15,13,5,25,12,25,3,17,1,16,14,10,25,11,2,8,25,25,25,6,9,25,7,4
58_1,25,8,25,14,25,2,5,25,6,17,3,4,25,11,1,10,12,16,13,7,25,15,25,9
59_1,16,7,25,3,13,5,25,8,11,25,6,9,2,25,1,17,14,15,25,4,25,10,12,25
59_2,25,8,2,12,13,5,25,1,16,10,25,14,3,17,9,25,11,4,25,15,7,25,25,6
5_1,25,9,25,25,14,25,5,1,12,25,6,13,25,7,8,11,25,25,25,3,25,4,2,10
5_2,25,1,25,2,14,25,7,8,25,4,25,25,25,11,13,25,12,3,25,25,9,10,5,6
60_0,15,8,3,2,25,16,10,17,1,18,12,11,25,9,14,7,6,25,25,4,25,25,13,5
60_1,25,7,25,12,2,14,3,25,4,17,10,5,16,9,1,11,25,18,8,13,25,15,6,25
60_2,25,25,16,6,2,14,9,1,25,15,17,25,12,11,5,8,4,13,25,18,7,25,3,10
61_0,13,14,3,10,25,11,4,15,1,25,8,6,25,25,25,7,2,25,25,9,12,25,25,5
61_1,25,7,25,8,10,25,3,25,9,15,4,5,11,25,1,6,25,25,14,25,25,13,2,12
61_2,25,25,11,2,10,25,25,1,25,13,15,25,8,6,5,14,9,25,25,25,7,12,3,4
62_0,25,25,2,25,25,25,8,7,25,25,25,3,25,5,25,9,25,25,25,25,6,1,25,4
62_1,25,9,25,25,25,25,2,1,25,7,8,4,25,5,25,3,25,25,25,25,25,25,25,6
63_0,10,11,5,15,7,25,25,3,2,16,25,25,25,14,12,8,1,25,25,6,25,13,4,9
63_1,25,8,25,25,15,12,5,13,6,3,25,9,25,14,2,25,7,16,11,4,25,10,1,25
64_0,12,25,25,25,25,8,25,2,3,25,7,25,25,5,1,25,25,25,25,6,4,10,9,11
64_1,25,25,25,7,25,1,25,10,6,2,25,11,8,5,3,25,25,25,25,9,25,12,25,4
65_0,6,25,25,25,2,8,1,25,25,9,7,5,25,25,10,3,11,25,25,25,12,4,25,13
65_1,25,3,25,7,25,10,25,4,25,25,1,13,8,25,25,5,2,9,25,25,25,6,11,12
65_2,25,4,8,11,25,10,25,25,25,6,25,2,7,5,13,25,25,25,25,9,3,12,25,1
66_1,25,14,25,1,25,25,25,8,10,12,4,25,25,25,2,15,5,11,3,6,25,7,13,9
66_2,25,8,25,13,25,25,25,2,25,7,12,5,1,15,25,3,10,6,25,11,14,9,25,4
67_0,15,1,2,14,25,25,5,3,25,11,9,12,25,25,17,8,13,25,25,10,7,6,4,16
67_1,25,8,25,9,14,17,2,6,10,3,5,16,25,25,25,12,25,11,1,4,25,15,13,7
68_0,25,1,25,10,5,16,4,13,2,25,25,9,12,11,15,7,14,25,25,8,25,6,3,25
68_1,12,7,25,25,10,15,25,6,8,13,4,25,16,11,2,9,5,25,1,3,25,25,14,25
68_2,25,6,16,14,10,15,11,2,12,25,13,5,25,9,25,1,8,3,25,25,7,25,25,4
69_2,25,12,17,18,14,25,10,1,13,7,9,11,2,25,15,25,25,3,25,16,8,6,5,4
6_0,14,2,7,5,25,9,25,25,6,25,8,3,25,11,25,12,1,25,25,10,25,13,4,15
6_1,25,12,25,8,5,25,7,13,10,25,25,15,9,11,6,3,25,25,2,4,25,14,1,25
6_2,25,13,9,1,5,25,11,6,25,14,25,25,8,3,15,2,10,4,25,25,12,25,7,25
70_1,25,17,25,25,11,16,9,25,3,10,6,1,4,2,5,25,12,8,15,7,25,13,14,25
70_2,25,25,4,14,11,16,2,5,25,13,10,12,25,25,1,15,3,7,25,8,17,25,9,6
71_0,25,15,14,6,25,13,2,10,8,17,9,5,25,3,16,25,7,25,25,1,11,25,12,4
71_1,25,25,25,9,6,16,14,25,1,10,2,4,13,3,8,5,25,17,15,12,25,25,7,11
71_2,25,25,13,7,6,16,3,8,25,25,10,25,9,5,4,15,1,12,25,17,25,11,14,2
72_0,7,11,10,4,25,25,25,6,9,25,25,25,25,1,12,3,8,25,25,25,25,13,5,2
72_1,25,3,25,25,4,12,10,13,25,6,25,2,25,1,9,25,25,25,11,5,25,7,8,25
72_2,25,13,25,8,4,12,1,9,25,7,6,25,25,25,2,11,25,5,25,25,3,25,10,25
73_1,25,25,25,2,10,5,25,13,25,7,9,8,25,1,3,6,25,25,12,4,25,25,11,25
73_2,25,13,25,11,10,5,1,3,25,25,7,25,2,6,8,12,25,4,25,25,25,25,25,9
74_0,3,12,25,25,25,4,25,10,25,25,5,7,25,1,13,6,2,25,25,25,25,8,9,11
74_1,25,6,25,5,25,13,25,8,25,10,25,11,4,1,25,7,25,25,12,9,25,3,2,25
74_2,25,8,4,2,25,13,1,25,25,3,10,25,5,7,11,12,25,9,25,25,6,25,25,25
75_0,7,25,11,12,25,25,25,8,1,25,6,5,25,2,13,10,25,25,25,4,9,25,25,3
75_2,25,25,25,25,12,13,2,1,25,7,8,25,6,5,3,25,4,25,25,25,10,9,11,25
76_1,25,2,25,3,13,25,9,7,6,25,25,10,25,4,1,12,25,25,25,14,25,5,11,8
76_2,25,7,25,11,13,25,4,1,25,5,25,25,3,12,10,25,6,14,25,25,2,8,9,25
77_1,25,2,25,8,7,13,12,17,3,14,25,4,16,1,11,10,25,25,18,9,25,5,15,6
77_2,25,17,16,15,7,13,1,11,25,5,14,25,8,10,4,18,3,9,25,25,2,6,12,25
78_0,2,25,25,25,25,9,3,4,1,25,25,5,25,25,10,25,8,25,25,25,25,11,6,7
78_2,25,11,9,8,25,10,25,1,25,2,4,25,25,5,7,25,25,6,25,25,25,25,25,3
79_0,25,25,3,25,25,25,25,4,1,25,25,25,25,5,25,2,25,25,25,25,25,25,25,6
79_1,25,2,25,25,25,25,3,25,25,4,25,6,25,5,1,25,25,25,25,25,25,25,25,25
79_2,25,25,25,25,25,25,5,1,25,25,4,25,25,25,6,25,25,25,25,25,2,25,3,25
7_0,17,25,10,2,25,25,16,14,5,15,18,9,25,11,3,13,1,25,25,8,7,4,6,12
7_1,25,13,25,18,2,3,10,4,8,14,16,12,25,11,5,9,25,15,25,6,25,17,1,7
7_2,25,4,25,1,2,3,11,5,25,17,14,25,18,9,12,25,8,6,25,15,13,7,10,16
80_0,3,15,11,25,25,8,9,25,2,25,5,12,25,1,13,14,25,25,25,6,4,25,7,10
80_2,25,25,8,25,25,13,1,2,25,3,25,25,5,12,10,15,6,7,25,25,14,4,11,9
81_0,6,25,16,1,25,14,7,10,3,19,9,11,25,2,17,12,15,25,25,4,5,18,8,13
81_2,25,18,14,15,1,17,2,3,25,6,10,25,9,11,13,25,4,8,25,19,12,5,16,7
82_0,5,18,12,2,25,15,10,8,25,16,14,25,25,1,17,11,9,25,25,4,3,13,6,7
82_2,25,13,15,9,2,17,1,25,25,5,8,25,14,25,7,18,4,6,25,16,11,3,12,10
83_0,25,25,8,13,25,12,3,14,1,25,7,5,25,11,25,6,25,25,25,10,9,2,25,4
83_2,25,2,12,25,13,25,11,1,25,25,14,25,7,5,4,25,10,25,25,25,6,9,8,3
841_0,25,25,4,8,25,3,6,25,25,10,7,13,14,12,25,2,11,25,25,5,9,25,1,25
841_1,14,2,25,7,8,25,4,25,5,25,6,25,3,12,25,13,25,10,25,1,25,25,11,9
841_2,25,25,3,11,8,25,12,25,14,25,25,25,7,13,25,25,5,1,25,10,2,9,4,6
842_0,25,7,6,9,25,14,2,15,12,17,5,25,10,3,13,8,25,25,25,4,11,25,1,16
842_1,10,8,25,5,9,13,6,25,4,15,2,16,14,3,12,25,25,17,7,1,25,25,25,11
842_2,25,25,14,25,9,13,3,12,10,25,15,25,5,25,16,7,4,1,25,17,8,11,6,2
843_0,22,10,7,8,18,25,4,16,5,9,6,19,11,12,14,1,23,20,17,3,15,13,2,21
843_1,11,1,17,6,8,14,7,13,3,16,4,21,25,12,5,19,18,9,10,2,20,22,23,15
843_2,17,13,25,23,8,14,12,5,11,22,16,18,6,19,21,10,3,2,20,9,1,15,7,4
844_0,12,8,3,21,25,10,1,19,5,17,18,13,14,7,16,4,9,25,20,6,2,22,15,11
844_1,14,4,20,18,21,16,3,22,6,19,1,11,10,7,5,13,25,17,8,15,25,12,9,2
844_2,20,22,10,9,21,16,7,5,14,12,19,25,18,13,11,8,6,15,25,17,4,2,3,1
845_0,25,10,5,6,15,16,3,25,7,11,25,18,12,8,14,2,21,20,9,4,13,17,1,19
845_1,12,2,9,25,6,14,5,17,4,25,3,19,16,8,7,18,15,11,10,1,20,25,21,13
845_2,9,17,16,21,6,14,8,7,12,25,25,15,25,18,19,10,4,1,20,11,2,13,5,3
846_0,16,5,2,25,18,25,3,14,11,25,25,13,12,8,10,6,17,25,15,4,7,9,1,25
846_1,12,6,15,25,25,10,2,9,4,14,3,25,25,8,11,13,18,25,5,1,25,16,17,7
847_0,13,8,25,4,5,10,1,25,11,7,6,17,25,25,14,25,12,15,18,3,25,9,2,16
847_1,25,25,18,6,4,14,25,9,3,25,1,16,10,25,11,17,5,7,8,2,15,13,12,25
847_2,18,9,10,12,4,14,25,11,25,13,25,5,6,17,16,8,3,2,15,7,25,25,25,1
848_0,23,16,2,17,18,8,6,19,7,15,5,20,14,10,13,4,24,22,11,3,9,12,1,21
848_1,14,4,11,5,17,13,2,12,3,19,6,21,8,10,7,20,18,15,16,1,22,23,24,9
848_2,11,12,8,24,17,13,10,7,14,23,19,18,5,20,21,16,3,1,22,15,4,9,2,6
849_0,18,12,1,9,15,25,25,25,6,14,5,25,7,8,10,4,25,19,17,3,11,13,2,16
849_1,7,4,17,5,9,10,1,13,3,25,25,16,25,8,6,25,15,14,12,2,19,18,25,11
849_2,17,13,25,25,9,10,8,6,7,18,25,15,5,25,16,12,3,2,19,14,4,11,1,25
84_2,25,25,11,8,3,15,2,1,25,25,25,25,6,25,7,13,4,12,25,14,25,5,9,10
850_0,8,20,2,15,13,10,4,16,7,14,5,6,11,25,9,1,12,19,18,25,3,25,25,17
850_1,11,1,18,5,15,9,2,25,25,16,4,17,10,25,7,6,13,14,20,25,19,8,12,3
850_2,18,25,10,12,15,9,25,7,11,8,16,13,5,6,17,20,25,25,19,14,1,3,2,4
851_0,20,12,3,25,7,11,1,25,9,16,6,25,15,25,10,4,8,18,19,5,14,13,2,17
851_1,15,4,19,6,25,10,3,13,5,25,1,17,11,25,9,25,7,16,12,2,18,20,8,14
851_2,19,13,11,8,25,10,25,9,15,20,25,7,6,25,17,12,5,2,18,16,4,14,3,1
852_0,5,10,15,25,25,13,1,18,4,11,14,7,17,6,9,25,12,25,25,3,2,19,16,8
852_1,17,25,25,14,25,9,15,19,3,18,1,8,13,6,4,7,25,11,10,16,25,5,12,2
852_2,25,19,13,12,25,9,6,4,17,5,18,25,14,7,8,10,3,16,25,11,25,2,15,1
853_0,7,25,15,25,25,8,12,6,13,25,25,25,25,3,11,4,9,25,25,1,2,10,5,14
853_2,25,10,8,9,25,11,3,13,25,7,6,25,25,25,14,25,1,5,25,25,4,2,15,12
854_0,25,15,16,12,6,17,1,25,4,11,25,8,10,7,14,5,21,19,18,2,3,20,13,9
854_1,10,5,18,25,12,14,16,20,2,25,1,9,17,7,4,8,6,11,15,13,19,25,21,3
854_2,18,20,17,21,12,14,7,4,10,25,25,6,25,8,9,15,2,13,19,11,5,3,16,1
855_1,8,5,21,19,25,13,18,23,1,20,3,7,9,10,2,11,12,14,16,17,22,6,15,4
855_2,21,23,9,15,25,13,10,2,8,6,20,12,19,11,7,16,1,17,22,14,5,4,18,3
856_0,25,13,14,9,10,25,1,18,5,25,17,11,16,8,15,2,7,19,20,4,3,21,12,6
856_1,16,2,20,17,9,15,14,21,4,18,1,6,25,8,5,11,10,25,13,12,19,25,7,3
856_2,20,21,25,7,9,15,8,5,16,25,18,10,17,11,6,13,4,12,19,25,2,3,14,1
857_0,17,25,14,25,10,12,1,25,3,13,19,9,16,6,11,7,8,25,18,2,4,5,15,25
857_1,16,7,18,19,25,11,14,5,2,25,1,25,12,6,3,9,10,13,25,15,25,17,8,4
857_2,18,5,12,8,25,11,6,3,16,17,25,10,19,9,25,25,2,15,25,13,7,4,14,1
858_1,11,1,25,18,25,10,17,20,3,19,25,5,13,6,2,8,9,14,16,12,25,7,15,4
859_0,15,17,16,12,8,10,2,25,4,25,18,6,13,7,9,25,11,20,19,3,1,25,14,5
859_1,13,25,19,18,12,9,16,25,3,25,2,5,10,7,4,6,8,25,17,14,20,15,11,1
859_2,19,25,10,11,12,9,7,4,13,15,25,8,18,6,5,17,3,14,20,25,25,1,16,2
85_0,1,20,9,13,25,18,6,15,16,7,14,8,25,4,11,2,17,25,25,12,3,10,19,5
85_1,25,2,25,14,13,11,9,10,12,15,6,5,18,4,16,8,25,7,20,19,25,1,17,3
85_2,25,10,18,17,13,11,4,16,25,1,15,25,14,8,5,20,12,19,25,7,2,3,9,6
860_0,25,9,25,16,15,8,25,7,5,11,25,4,25,12,10,3,13,25,25,2,1,6,25,14
860_2,25,6,8,13,16,10,12,5,25,25,7,15,25,4,14,9,2,25,25,11,3,1,25,25
861_0,25,19,18,25,2,6,10,5,1,7,15,4,12,13,16,3,9,20,8,11,14,21,22,17
861_1,12,3,8,15,25,16,18,21,11,5,10,17,6,13,1,4,2,7,19,22,20,25,9,14
861_2,8,21,6,9,25,16,13,1,12,25,5,2,15,4,17,19,11,22,20,7,3,14,18,10
862_0,6,8,23,10,11,7,25,14,9,12,13,4,17,1,18,3,15,20,16,5,2,22,21,19
862_1,17,3,16,13,10,18,23,22,5,14,25,19,7,1,9,4,11,12,8,21,20,6,15,2
862_2,16,22,7,15,10,18,1,9,17,6,14,11,13,4,19,8,5,21,20,12,3,2,23,25
863_0,3,25,17,13,11,22,10,2,7,6,9,4,15,5,16,8,12,25,14,1,18,21,20,19
863_2,14,21,22,12,13,16,5,7,15,3,2,11,9,4,19,25,1,20,25,6,8,18,17,10
864_0,4,1,16,5,25,25,25,3,2,14,15,11,13,7,17,8,10,25,12,6,9,25,19,18
864_1,13,8,12,15,5,17,16,25,6,3,25,18,25,7,2,11,25,14,1,19,25,4,10,9
864_2,12,25,25,10,5,17,7,2,13,4,3,25,15,11,18,1,6,19,25,14,8,9,16,25
865_0,8,25,13,25,25,11,25,9,3,12,6,1,25,2,7,5,10,25,25,4,16,25,15,14
865_1,25,5,25,6,25,7,13,25,4,9,25,14,11,2,3,1,25,12,25,15,25,8,10,16
865_2,25,25,11,10,25,7,2,3,25,8,9,25,6,1,14,25,4,15,25,12,5,16,13,25
866_0,2,13,18,9,3,17,25,8,5,11,10,7,14,6,19,1,12,20,15,4,16,25,25,21
866_2,15,25,17,12,9,19,6,5,14,2,8,3,10,7,21,13,4,25,20,11,1,16,18,25
867_0,25,7,14,5,11,12,17,2,1,9,4,8,25,6,10,19,13,25,15,3,25,25,18,16
867_2,15,25,12,13,5,10,6,1,25,25,2,11,4,8,16,7,3,18,25,9,19,25,14,17
868_0,6,25,17,11,13,16,7,5,2,25,4,1,14,15,9,8,12,25,19,3,10,21,20,18
868_1,14,8,19,4,11,9,17,21,3,5,7,18,16,15,2,1,13,25,25,20,25,6,12,10
869_2,14,23,17,9,4,16,10,1,13,18,3,6,12,8,22,15,5,21,20,11,25,2,19,7
86_0,14,11,10,9,25,13,7,25,25,15,4,3,25,1,6,2,8,25,25,5,25,25,12,25
86_1,25,2,25,4,9,6,10,25,5,25,7,25,13,1,25,3,25,15,11,12,25,14,8,25
86_2,25,25,13,8,9,6,1,25,25,14,25,25,4,3,25,11,5,12,25,15,2,25,10,7
870_0,3,13,17,18,14,7,25,2,5,12,9,8,15,10,19,1,11,20,16,4,6,25,22,21
870_1,15,1,16,9,18,19,17,25,4,2,25,21,7,10,5,8,14,12,13,22,20,3,11,6
870_2,16,25,7,11,18,19,10,5,15,3,2,14,9,8,21,13,4,22,20,12,1,6,17,25
871_0,14,8,15,12,25,9,25,5,3,16,1,2,25,17,10,11,25,25,25,18,7,4,13,6
871_2,25,4,9,25,12,10,17,3,25,14,5,25,1,2,6,8,18,13,25,16,11,7,15,25
872_0,9,8,14,21,13,11,6,5,3,2,4,20,12,7,10,1,15,16,25,22,25,19,18,17
872_1,12,1,25,4,21,10,14,19,22,5,6,17,11,7,3,20,13,2,8,18,16,9,15,25
872_2,25,19,11,15,21,10,7,3,12,9,5,13,4,20,17,8,22,18,16,2,1,25,14,6
873_0,7,25,15,13,10,18,25,6,3,4,8,11,9,5,19,25,14,16,25,1,2,25,17,12
873_1,9,25,25,8,13,19,15,25,1,6,25,12,18,5,3,11,10,4,25,17,16,7,14,2
873_2,25,25,18,14,13,19,5,3,9,7,6,10,8,11,12,25,1,17,16,4,25,2,15,25
874_0,7,25,16,17,13,12,25,2,6,10,4,1,25,15,8,5,14,25,25,18,11,3,19,9
874_1,25,5,25,4,17,8,16,3,18,2,25,9,12,15,6,1,13,10,25,19,25,7,14,11
874_2,25,3,12,14,17,8,15,6,25,7,2,13,4,1,9,25,18,19,25,10,5,11,16,25
875_0,25,12,17,6,9,14,25,5,3,11,4,2,8,25,15,10,16,25,19,13,1,7,20,18
875_1,8,10,19,4,6,15,17,7,13,5,25,18,14,25,3,2,9,11,12,20,25,25,16,1
875_2,19,7,14,16,6,15,25,3,8,25,5,9,4,2,18,12,13,20,25,11,10,1,17,25
876_0,9,16,18,14,25,10,22,7,2,12,6,3,13,11,17,4,8,19,15,1,5,21,25,20
876_1,13,4,15,6,14,17,18,21,1,7,22,20,10,11,2,3,25,12,16,25,19,9,8,5
876_2,15,21,10,8,14,17,11,2,13,9,7,25,6,3,20,16,1,25,19,12,4,5,18,22
877_0,25,9,13,6,10,5,11,1,2,15,7,25,12,25,8,25,16,25,25,3,4,25,17,14
877_1,12,25,25,7,6,8,13,25,3,1,11,14,5,25,2,25,10,15,9,17,25,25,16,4
877_2,25,25,5,16,6,8,25,2,12,25,1,10,7,25,14,9,3,17,25,15,25,4,13,11
878_0,7,9,18,14,11,10,16,6,3,15,4,25,12,13,17,1,8,20,25,2,5,22,21,19
878_2,25,22,10,8,14,17,13,3,12,7,6,11,4,25,19,9,2,21,20,15,1,5,18,16
879_1,12,25,25,3,9,11,14,18,6,10,7,16,25,15,2,4,8,13,19,17,25,25,5,1
879_2,25,18,25,5,9,11,15,2,12,25,10,8,3,4,16,19,6,17,25,13,25,1,14,7
87_1,25,3,25,7,25,25,11,1,8,13,14,25,15,2,10,5,25,25,25,4,25,9,12,6
87_2,25,1,15,12,25,25,2,10,25,9,13,25,7,5,25,25,8,4,25,25,3,6,11,14
880_0,25,14,1,12,15,13,25,4,2,18,6,9,25,25,17,5,16,25,25,10,3,11,8,7
880_1,25,5,25,6,12,17,1,11,10,4,25,7,13,25,2,9,15,18,14,8,25,25,16,3
880_2,25,11,13,16,12,17,25,2,25,25,4,15,6,9,7,14,10,8,25,18,5,3,1,25
881_0,9,12,7,18,15,16,8,5,25,11,2,17,13,4,14,3,10,25,25,6,1,25,25,25
881_1,13,3,25,2,18,14,7,25,6,5,8,25,16,4,25,17,15,11,12,25,25,9,10,1
881_2,25,25,16,10,18,14,4,25,13,9,5,15,2,17,25,12,6,25,25,11,3,1,7,8
882_0,11,25,2,7,18,17,10,6,1,13,25,5,15,25,16,3,12,25,25,9,4,8,14,25
882_1,15,3,25,25,7,16,2,8,9,6,10,25,17,25,1,5,18,13,25,14,25,11,12,4
882_2,25,8,17,12,7,16,25,1,15,11,6,18,25,5,25,25,9,14,25,13,3,4,2,10
883_0,6,18,2,16,21,20,12,15,8,14,7,10,19,9,17,5,25,25,25,3,1,4,11,13
883_2,25,4,20,25,16,17,9,8,19,6,15,21,7,10,13,18,3,11,25,14,5,1,2,12
884_0,9,11,2,10,21,19,15,3,1,16,5,8,18,6,17,12,20,25,25,22,4,7,14,13
884_2,25,7,19,20,10,17,6,1,18,9,3,21,5,8,13,11,22,14,25,16,12,4,2,15
885_0,16,13,10,25,15,14,11,25,7,12,3,6,25,1,25,4,8,25,25,25,2,9,25,5
885_1,25,4,25,3,25,25,10,9,25,25,11,5,14,1,7,6,15,12,13,25,25,16,8,2
886_0,11,20,9,15,25,19,25,8,2,14,4,12,17,5,18,3,6,25,25,13,1,7,16,10
886_2,25,7,19,6,15,18,5,2,17,11,8,25,4,12,10,20,13,16,25,14,3,1,9,25
887_0,20,14,5,8,18,17,10,6,3,12,2,13,16,1,15,4,25,25,25,19,25,9,11,7
887_1,16,4,25,2,8,15,5,9,19,6,10,7,17,1,3,13,18,12,14,11,25,20,25,25
888_0,8,14,2,12,18,19,10,25,4,16,7,6,25,9,17,5,25,25,25,3,1,11,15,13
888_1,25,5,25,7,12,17,2,11,3,25,10,13,19,9,4,6,18,16,14,15,25,8,25,1
88_1,25,3,25,4,13,14,10,7,11,6,8,25,15,1,25,5,25,25,25,16,25,9,12,2
88_2,25,7,15,12,13,14,1,25,25,9,6,25,4,5,25,25,11,16,25,25,3,2,10,8
890_0,9,25,2,13,14,17,11,8,5,25,4,7,16,19,15,1,12,25,25,6,3,18,10,25
890_1,16,1,25,4,13,15,2,18,6,8,11,25,17,19,5,7,14,25,25,10,25,9,12,3
890_2,25,18,17,12,13,15,19,5,16,9,8,14,4,7,25,25,6,10,25,25,1,3,2,11
891_0,11,14,25,10,16,19,13,7,2,15,5,6,18,4,25,3,12,25,25,8,1,25,17,9
891_1,18,3,25,5,10,25,25,25,8,7,13,9,19,4,2,6,16,15,14,17,25,11,12,1
891_2,25,25,19,12,10,25,4,2,18,11,7,16,5,6,9,14,8,17,25,15,3,1,25,13
892_0,7,15,11,25,19,13,5,4,2,18,3,10,25,6,20,9,17,25,25,8,1,12,14,16
892_1,25,9,25,3,25,20,11,12,8,4,5,16,13,6,2,10,19,18,15,14,25,7,17,1
892_2,25,12,13,17,25,20,6,2,25,7,4,19,3,10,16,15,8,14,25,18,9,1,11,5
893_0,8,12,3,25,16,17,9,6,2,13,15,7,18,4,19,5,14,25,25,25,1,20,11,10
893_1,18,5,25,15,25,19,3,20,25,6,9,10,17,4,2,7,16,13,12,11,25,8,14,1
894_0,10,11,2,19,15,17,4,9,6,12,25,8,16,7,14,5,18,25,25,3,1,25,13,20
894_1,16,5,25,25,19,14,2,25,3,9,4,20,17,7,6,8,15,12,11,13,25,10,18,1
894_2,25,25,17,18,19,14,7,6,16,10,9,15,25,8,20,11,3,13,25,12,5,1,2,4
895_0,15,7,5,13,25,19,6,10,4,17,2,9,25,8,18,25,12,25,25,3,1,11,16,14
895_1,25,25,25,2,13,18,5,11,3,10,6,14,19,8,4,9,25,17,7,16,25,15,12,1
895_2,25,11,19,12,13,18,8,4,25,15,10,25,2,9,14,7,3,16,25,17,25,1,5,6
896_0,5,15,7,10,25,17,19,4,11,16,25,14,18,2,25,6,13,25,25,3,1,8,12,9
896_1,18,6,25,25,10,25,7,8,3,4,19,9,17,2,11,14,25,16,15,12,25,5,13,1
896_2,25,8,17,13,10,25,2,11,18,5,4,25,25,14,9,15,3,12,25,16,6,1,7,19
897_1,25,7,25,12,17,21,8,9,14,10,11,2,13,3,5,1,20,18,15,6,25,16,19,4
897_2,25,9,13,19,17,21,3,5,25,16,10,20,12,1,2,15,14,6,25,18,7,4,8,11
898_0,11,8,15,12,18,14,17,13,5,19,10,1,25,9,21,4,20,25,25,6,2,7,16,3
898_1,25,4,25,10,12,21,15,7,6,13,17,3,14,9,5,1,18,19,8,16,25,11,20,2
898_2,25,7,14,20,12,21,9,5,25,11,13,18,10,1,3,8,6,16,25,19,4,2,15,17
899_0,6,12,14,10,18,19,8,7,3,25,2,4,17,5,25,9,15,25,25,25,1,11,16,13
899_2,25,11,19,15,10,25,5,3,17,6,7,18,2,4,13,12,25,16,25,25,9,1,14,8
89_0,25,25,6,5,25,14,3,9,25,13,7,8,25,2,10,1,11,25,25,12,4,25,16,15
89_1,25,1,25,7,5,10,6,25,12,9,3,15,14,2,25,8,25,13,25,16,25,25,11,4
89_2,25,25,14,11,5,10,2,25,25,25,9,25,7,8,15,25,12,16,25,13,1,4,6,3
8_0,17,3,14,2,25,10,12,25,5,18,25,8,25,15,1,16,6,25,25,9,13,7,4,11
8_1,25,16,25,25,2,1,14,7,9,25,12,11,10,15,5,8,25,18,3,4,25,17,6,13
8_2,25,7,10,6,2,1,15,5,25,17,25,25,25,8,11,3,9,4,25,18,16,13,14,12
900_0,13,9,7,12,25,2,10,11,4,25,25,25,25,1,25,25,5,25,25,25,6,8,25,3
900_1,25,25,25,25,12,25,7,8,25,11,10,3,2,1,4,25,25,25,9,25,25,13,5,6
900_2,25,8,2,5,12,25,1,4,25,13,11,25,25,25,3,9,25,25,25,25,25,6,7,10
901_0,25,9,12,15,14,25,5,7,4,10,6,3,25,2,8,1,25,25,25,13,11,25,25,25
901_1,25,1,25,6,15,8,12,25,13,7,5,25,25,2,4,3,14,10,9,25,25,25,25,11
901_2,25,25,25,25,15,8,2,4,25,25,7,14,6,3,25,9,13,25,25,10,1,11,12,5
902_1,25,1,25,17,25,25,10,3,15,7,5,25,8,2,9,6,11,25,16,14,25,4,13,12
902_2,25,3,8,13,25,25,2,9,25,4,7,11,17,6,25,16,15,14,25,25,1,12,10,5
903_0,4,17,8,12,10,7,6,15,3,13,11,5,20,2,16,1,19,25,25,18,25,9,14,25
903_1,20,1,25,11,12,16,8,9,18,15,6,25,7,2,3,5,10,13,17,14,25,4,19,25
903_2,25,9,7,19,12,16,2,3,20,4,15,10,11,5,25,17,18,14,25,13,1,25,8,6
904_0,3,18,7,25,14,5,10,13,6,12,11,4,20,2,16,1,19,25,25,25,8,9,15,17
904_1,20,1,25,11,25,16,7,9,25,13,10,17,5,2,6,4,14,12,18,15,25,3,19,8
904_2,25,9,5,19,25,16,2,6,20,3,13,14,11,4,17,18,25,15,25,12,1,8,7,10
905_0,14,25,12,25,25,10,5,7,4,11,6,25,25,1,9,2,25,25,25,13,8,25,3,25
905_1,25,2,25,6,25,9,12,25,13,7,5,25,10,1,4,25,25,11,25,3,25,14,25,8
905_2,25,25,10,25,25,9,1,4,25,14,7,25,6,25,25,25,13,3,25,11,2,8,12,5
906_1,25,25,25,4,8,7,10,11,25,12,5,13,9,2,6,3,25,25,25,25,25,1,14,25
907_0,8,15,10,25,25,3,9,4,5,7,11,25,18,1,19,2,17,25,25,16,14,6,12,13
908_0,16,9,13,25,25,7,11,4,6,25,12,15,25,25,14,1,2,25,25,17,8,10,3,5
908_1,25,1,25,12,25,14,13,10,17,4,11,5,7,25,6,15,25,25,9,3,25,16,2,8
908_2,25,10,7,2,25,14,25,6,25,16,4,25,12,15,5,9,17,3,25,25,1,8,13,11
909_0,13,9,11,17,18,15,12,25,5,25,4,25,25,1,2,3,14,25,25,7,16,6,10,8
909_1,25,3,25,4,17,2,11,6,7,25,12,8,15,1,5,25,18,25,9,10,25,13,14,16
909_2,25,6,15,14,17,2,1,5,25,13,25,18,4,25,8,9,7,10,25,25,3,16,11,12
90_0,5,25,9,11,25,14,2,25,25,25,7,25,25,3,13,25,12,25,25,10,6,1,4,8
910_0,1,15,6,9,14,8,25,5,2,12,10,7,25,4,25,3,16,25,25,25,25,25,13,11
911_1,17,25,25,6,16,3,4,1,10,13,25,14,18,2,7,5,25,9,12,8,25,11,15,25
912_0,5,18,9,13,11,4,12,3,25,10,8,6,20,2,19,1,25,25,25,17,16,7,14,15
912_1,20,1,25,8,13,19,9,7,17,3,12,15,4,2,25,6,11,10,18,14,25,5,25,16
912_2,25,7,4,25,13,19,2,25,20,5,3,11,8,6,15,18,17,14,25,10,1,16,9,12
913_0,6,10,8,17,15,16,12,5,4,14,25,2,25,25,11,1,25,25,25,9,13,3,7,25
913_1,25,1,25,25,17,11,8,3,9,5,12,25,16,25,4,2,15,14,10,7,25,6,25,13
914_0,4,20,12,9,11,6,8,7,25,14,5,3,17,2,13,1,18,25,25,19,15,10,16,21
914_1,17,1,25,5,9,13,12,10,19,7,8,21,6,2,25,3,11,14,20,16,25,4,18,15
914_2,25,10,6,18,9,13,2,25,17,4,7,11,5,3,21,20,19,16,25,14,1,15,12,8
915_0,7,5,9,13,19,3,12,11,6,14,4,8,25,2,15,1,25,25,25,25,17,10,18,16
915_1,25,1,25,4,13,15,9,10,25,11,12,16,3,2,6,8,19,14,5,18,25,7,25,17
915_2,25,10,3,25,13,15,2,6,25,7,11,19,4,8,16,5,25,18,25,14,1,17,9,12
916_1,25,1,25,7,5,15,13,10,9,4,25,12,25,2,6,11,25,25,25,3,25,14,8,25
916_2,25,10,25,8,5,15,2,6,25,14,4,25,7,11,12,25,9,3,25,25,1,25,13,25
917_0,13,25,7,14,25,11,12,3,6,25,4,5,25,1,9,2,10,25,25,8,17,25,15,16
917_1,25,2,25,4,14,9,7,25,8,3,12,16,11,1,6,5,25,25,25,15,25,13,10,17
917_2,25,25,11,10,14,9,1,6,25,13,3,25,4,5,16,25,8,15,25,25,2,17,7,12
918_0,4,25,10,12,25,11,6,2,9,17,5,8,25,14,3,1,15,25,25,25,13,7,25,16
918_2,25,7,11,15,12,3,14,9,25,4,2,25,5,8,16,25,25,25,25,17,1,13,10,6
91_0,2,14,15,10,25,13,4,8,25,16,5,25,25,7,12,25,9,25,25,11,3,1,25,6
91_1,25,25,25,5,10,12,15,1,11,8,4,6,13,7,25,25,25,16,14,25,25,2,9,3
91_2,25,1,13,9,10,12,7,25,25,2,8,25,5,25,6,14,11,25,25,16,25,3,15,4
926_0,25,25,4,25,25,25,25,11,25,25,7,10,25,2,25,1,25,25,25,8,6,9,5,3
926_1,25,1,25,7,25,25,4,9,8,11,25,3,25,2,25,10,25,25,25,5,25,25,25,6
927_0,9,15,4,25,25,8,13,6,25,25,1,11,25,3,12,2,7,25,25,25,14,5,10,25
927_1,25,2,25,1,25,12,4,5,25,6,13,25,8,3,25,11,25,25,15,10,25,9,7,14
927_2,25,5,8,7,25,12,3,25,25,9,6,25,1,11,25,15,25,10,25,25,2,14,4,13
928_0,25,13,4,10,25,8,11,5,12,16,3,7,25,2,17,1,15,25,25,25,25,6,9,14
928_2,25,6,8,15,10,17,2,12,25,25,5,25,3,7,14,13,25,9,25,16,1,25,4,11
929_0,14,17,2,16,25,25,6,10,11,25,7,13,25,3,12,1,25,25,25,8,15,9,4,5
929_1,25,1,25,7,16,12,2,9,8,10,6,5,25,3,11,13,25,25,17,4,25,14,25,15
929_2,25,9,25,25,16,12,3,11,25,14,10,25,7,13,5,17,8,4,25,25,1,15,2,6
92_0,13,17,5,14,25,16,2,12,25,25,4,8,25,6,9,15,10,25,25,11,3,1,7,25
92_1,25,15,25,4,14,9,5,1,11,12,2,25,16,6,25,8,25,25,17,7,25,13,10,3
930_0,10,9,5,14,25,12,13,6,25,18,3,8,25,1,11,2,17,25,25,25,15,4,7,16
930_1,25,2,25,3,14,11,5,4,25,6,13,16,12,1,25,8,25,18,9,7,25,10,17,15
930_2,25,4,12,17,14,11,1,25,25,10,6,25,3,8,16,9,25,7,25,18,2,15,5,13
931_0,4,10,6,13,25,9,7,15,25,16,2,12,25,1,25,3,17,25,25,25,11,14,5,8
931_1,25,3,25,2,13,25,6,14,25,15,7,8,9,1,25,12,25,16,10,5,25,4,17,11
931_2,25,14,9,17,13,25,1,25,25,4,15,25,2,12,8,10,25,5,25,16,3,11,6,7
932_0,9,12,4,14,25,16,11,6,25,25,5,10,25,2,15,1,17,25,25,7,8,3,13,25
932_1,25,1,25,5,14,15,4,3,7,6,11,25,16,2,25,10,25,25,12,13,25,9,17,8
932_2,25,3,16,17,14,15,2,25,25,9,6,25,5,10,25,12,7,13,25,25,1,8,4,11
933_0,25,25,25,8,25,14,5,4,3,25,6,7,25,1,25,2,11,25,25,10,9,13,12,25
933_2,25,13,14,11,8,25,1,3,25,25,4,25,6,7,25,25,10,12,25,25,2,9,25,5
934_0,25,25,8,25,25,25,6,4,10,25,7,9,25,2,25,1,12,25,25,5,25,13,11,3
934_2,25,13,25,12,25,25,2,10,25,25,4,25,7,9,3,25,5,11,25,25,1,25,8,6
936_0,2,25,25,10,25,11,25,12,5,15,1,7,25,8,4,6,16,25,25,14,25,13,3,9
936_2,25,13,11,16,10,4,8,5,25,2,12,25,1,7,9,25,14,3,25,15,6,25,25,25
937_1,25,1,25,12,16,11,7,4,5,6,25,14,25,2,13,3,25,25,15,9,25,10,8,25
937_2,25,4,25,8,16,11,2,13,25,10,6,25,12,3,14,15,5,9,25,25,1,25,7,25
938_0,10,11,5,9,25,13,6,3,18,16,2,25,25,17,12,1,15,25,25,25,7,4,8,14
938_1,25,1,25,2,9,12,5,4,25,3,6,14,13,17,18,25,25,16,11,8,25,10,15,7
938_2,25,4,13,15,9,12,17,18,25,10,3,25,2,25,14,11,25,8,25,16,1,7,5,6
939_0,6,9,3,11,25,10,7,25,25,14,1,13,25,4,8,25,15,25,25,12,25,5,2,25
939_2,25,5,10,15,11,8,4,25,25,6,25,25,1,13,25,9,12,2,25,14,25,25,3,7
93_0,3,25,16,14,25,25,6,10,8,15,5,13,25,4,11,25,25,25,25,9,2,1,7,12
93_2,25,1,25,25,14,11,4,8,25,3,10,25,5,13,12,25,9,7,25,15,25,2,16,6
940_0,13,10,4,14,25,25,12,17,11,18,3,7,25,2,9,1,19,25,25,8,6,5,15,16
940_1,25,1,25,3,14,9,4,5,8,17,12,16,25,2,11,7,25,18,10,15,25,13,19,6
940_2,25,5,25,19,14,9,2,11,25,13,17,25,3,7,16,10,8,15,25,18,1,6,4,12
941_0,14,25,8,10,25,13,15,4,11,25,2,25,25,25,25,1,6,25,25,3,7,5,12,9
941_1,25,1,25,2,10,25,8,5,3,4,15,9,13,25,11,25,25,25,25,12,25,14,6,7
941_2,25,5,13,6,10,25,25,11,25,14,4,25,2,25,9,25,3,12,25,25,1,7,8,15
942_0,25,7,25,25,25,9,5,25,11,12,3,25,25,2,4,1,25,25,25,8,25,25,10,6
943_0,4,13,25,12,25,25,8,6,25,15,25,10,25,1,9,2,16,25,25,11,7,3,5,14
943_1,25,2,25,25,12,9,25,3,11,6,8,14,25,1,25,10,25,15,13,5,25,4,16,7
943_2,25,3,25,16,12,9,1,25,25,4,6,25,25,10,14,13,11,5,25,15,2,7,25,8
944_0,7,18,4,16,25,13,12,25,15,25,3,8,25,1,9,2,17,25,25,10,6,5,11,14
944_1,25,2,25,3,16,9,4,5,10,25,12,14,13,1,15,8,25,25,18,11,25,7,17,6
944_2,25,5,13,17,16,9,1,15,25,7,25,25,3,8,14,18,10,11,25,25,2,6,4,12
945_1,25,2,25,4,18,15,3,10,5,8,6,12,11,1,17,9,25,25,19,13,25,14,16,7
945_2,25,10,11,16,18,15,1,17,25,14,8,25,4,9,12,19,5,13,25,25,2,7,3,6
948_0,12,11,25,25,25,9,4,5,25,16,3,6,25,1,15,2,10,25,25,13,7,8,25,14
948_1,25,2,25,3,25,15,25,8,13,5,4,14,9,1,25,6,25,16,11,25,25,12,10,7
948_2,25,8,9,10,25,15,1,25,25,12,5,25,3,6,14,11,13,25,25,16,2,7,25,4
949_0,12,17,8,6,25,13,9,25,2,10,15,16,25,1,25,3,14,25,25,25,4,7,11,5
949_1,25,3,25,15,6,25,8,7,25,25,9,5,13,1,2,16,25,10,17,11,25,12,14,4
94_0,25,25,5,25,25,25,2,9,11,25,3,12,25,4,25,25,13,25,25,7,8,1,6,10
94_1,25,25,25,3,25,25,5,1,7,9,2,10,25,4,11,12,25,25,25,6,25,25,13,8
94_2,25,1,25,13,25,25,4,11,25,25,9,25,3,12,10,25,7,6,25,25,25,8,5,2
950_0,17,9,5,3,18,20,4,6,12,22,2,19,21,1,8,7,16,25,25,11,15,10,14,13
950_1,21,7,25,2,3,8,5,10,11,6,4,13,20,1,12,19,18,22,9,14,25,17,16,15
950_2,25,10,20,16,3,8,1,12,21,17,6,18,2,19,13,9,11,14,25,22,7,15,5,4
951_0,14,18,3,25,25,13,4,5,6,25,8,9,25,1,12,2,16,25,25,17,11,15,7,10
951_1,25,2,25,8,25,12,3,15,17,5,4,10,13,1,6,9,25,25,18,7,25,14,16,11
952_0,12,16,9,1,25,13,5,3,8,17,25,7,25,2,6,25,15,25,25,11,4,10,14,25
952_2,25,10,13,15,1,6,2,8,25,12,3,25,25,7,25,16,11,14,25,17,25,4,9,5
953_0,25,8,25,25,14,25,2,10,5,25,4,13,15,7,25,1,25,25,25,3,6,12,11,9
953_2,25,12,25,25,25,25,7,5,15,25,10,14,4,13,9,8,3,11,25,25,1,6,25,2
954_1,19,1,25,2,12,4,6,3,10,25,7,25,18,5,11,14,17,25,9,13,25,16,15,8
954_2,25,3,18,15,12,4,5,11,19,16,25,17,2,14,25,9,10,13,25,25,1,8,6,7
955_0,14,25,4,25,25,12,7,10,25,15,2,13,18,1,8,5,17,25,25,3,9,6,16,11
955_1,18,5,25,2,25,8,4,6,3,10,7,11,12,1,25,13,25,15,25,16,25,14,17,9
955_2,25,6,12,17,25,8,1,25,18,14,10,25,2,13,11,25,3,16,25,15,5,9,4,7
956_1,16,1,25,25,25,2,3,9,17,20,5,6,13,4,18,7,10,12,8,11,25,14,15,19
956_2,25,9,13,15,25,2,4,18,16,14,20,10,25,7,6,8,17,11,25,12,1,19,3,5
957_1,25,1,25,9,10,2,5,14,6,11,4,12,15,3,13,25,25,25,8,16,25,17,25,7
957_2,25,14,15,25,10,2,3,13,25,17,11,25,9,25,12,8,6,16,25,25,1,7,5,4
958_0,15,8,6,16,19,17,3,18,7,12,4,14,21,2,5,1,20,25,25,11,10,9,13,25
958_1,21,1,25,4,16,5,6,9,11,18,3,25,17,2,7,14,19,12,8,13,25,15,20,10
958_2,25,9,17,20,16,5,2,7,21,15,18,19,4,14,25,8,11,13,25,12,1,10,6,3
959_0,16,14,6,15,17,25,2,25,12,19,5,13,20,4,3,1,18,25,25,10,7,9,11,8
959_1,20,1,25,5,15,3,6,9,10,25,2,8,25,4,12,13,17,19,14,11,25,16,18,7
959_2,25,9,25,18,15,3,4,12,20,16,25,17,5,13,8,14,10,11,25,19,1,7,6,2
95_0,4,9,25,6,25,25,3,5,25,25,1,25,25,25,25,7,8,25,25,25,2,25,10,25
95_1,25,7,25,1,6,25,25,25,25,5,3,25,25,25,25,25,25,25,9,10,25,4,8,2
95_2,25,25,25,8,6,25,25,25,25,4,5,25,1,25,25,9,25,10,25,25,7,2,25,3
960_2,25,8,17,25,14,11,1,7,25,25,10,16,6,13,25,25,5,12,25,15,3,4,9,2
961_0,17,15,4,25,25,25,5,9,14,25,3,11,18,1,7,2,16,25,25,8,10,6,13,12
961_1,18,2,25,3,25,7,4,6,8,9,5,12,25,1,14,11,25,25,15,13,25,17,16,10
962_0,17,16,4,6,25,15,25,12,7,18,5,8,25,1,14,3,13,25,25,11,2,9,10,25
962_1,25,3,25,5,6,14,4,9,11,12,25,25,15,1,7,8,25,18,16,10,25,17,13,2
962_2,25,9,15,13,6,14,1,7,25,17,12,25,5,8,25,16,11,10,25,18,3,2,4,25
963_1,25,25,25,25,12,25,4,25,1,13,25,9,11,3,7,8,16,15,10,5,25,14,2,6
963_2,25,25,11,2,12,25,3,7,25,14,13,16,25,8,9,10,1,5,25,15,25,6,4,25
964_1,21,3,25,4,13,2,5,10,7,9,6,18,19,1,16,11,22,12,17,20,25,14,15,8
964_2,25,10,19,15,13,2,1,16,21,14,9,22,4,11,18,17,7,20,25,12,3,8,5,6
965_0,12,6,25,11,17,15,3,7,5,13,4,10,18,2,25,1,14,25,25,8,25,16,25,9
965_1,18,1,25,4,11,25,25,16,8,7,3,9,15,2,5,10,17,13,6,25,25,12,14,25
965_2,25,16,15,14,11,25,2,5,18,12,7,17,4,10,9,6,8,25,25,13,1,25,25,3
966_0,17,16,6,18,21,15,3,9,13,14,5,20,25,2,4,1,11,25,25,10,7,8,19,12
966_1,25,1,25,5,18,4,6,8,10,9,3,12,15,2,13,20,21,14,16,19,25,17,11,7
966_2,25,8,15,11,18,4,2,13,25,17,9,21,5,20,12,16,10,19,25,14,1,7,6,3
967_0,13,25,25,25,12,6,25,25,10,15,5,7,25,2,9,1,3,25,25,8,4,14,11,16
967_1,25,1,25,5,25,9,25,14,8,25,25,16,6,2,10,7,12,15,25,11,25,13,3,4
967_2,25,14,6,3,25,9,2,10,25,13,25,12,5,7,16,25,8,11,25,15,1,4,25,25
968_0,25,25,6,25,14,16,5,9,10,17,3,11,13,2,4,1,15,25,25,8,7,25,12,25
968_1,13,1,25,3,25,4,6,25,8,9,5,25,16,2,10,11,14,17,25,12,25,25,15,7
968_2,25,25,16,15,25,4,2,10,13,25,9,14,3,11,25,25,8,12,25,17,1,7,6,5
969_1,25,2,25,11,8,13,6,25,3,1,25,25,10,25,4,7,25,12,25,9,25,5,25,25
96_1,25,10,25,4,11,14,25,8,6,9,2,25,15,5,25,7,25,25,25,1,25,12,13,3
96_2,25,8,15,13,11,14,5,25,25,12,9,25,4,7,25,25,6,1,25,25,10,3,25,2
970_0,3,25,14,7,25,10,8,2,5,25,12,9,25,25,25,1,13,25,25,6,4,15,25,11
970_1,25,1,25,12,7,25,14,15,6,2,8,11,10,25,5,9,25,25,25,25,25,3,13,4
970_2,25,15,10,13,7,25,25,5,25,3,2,25,12,9,11,25,6,25,25,25,1,4,14,8
971_0,25,25,6,25,25,10,25,1,4,25,9,7,25,14,11,2,13,25,25,3,5,25,12,8
971_2,25,25,10,13,25,11,14,4,25,25,1,25,9,7,8,25,3,12,25,25,2,5,6,25
973_0,7,16,2,15,25,5,9,10,13,25,4,3,25,12,25,1,8,25,25,14,25,25,11,6
973_1,25,1,25,4,15,25,2,25,14,10,9,6,5,12,13,3,25,25,16,11,25,7,8,25
973_2,25,25,5,8,15,25,12,13,25,7,10,25,4,3,6,16,14,11,25,25,1,25,2,9
974_0,5,12,25,6,25,25,10,1,9,15,25,13,25,2,25,7,11,25,25,4,3,25,14,8
974_2,25,25,25,11,6,25,2,9,25,5,1,25,25,13,8,12,4,14,25,15,7,3,25,10
975_0,11,25,4,15,25,9,25,10,7,25,5,3,25,16,6,1,14,25,25,12,2,25,13,8
975_1,25,1,25,5,15,6,4,25,12,10,25,8,9,16,7,3,25,25,25,13,25,11,14,2
975_2,25,25,9,14,15,6,16,7,25,11,10,25,5,3,8,25,12,13,25,25,1,2,4,25
976_0,25,6,25,8,25,12,7,4,14,3,25,25,25,9,10,5,25,25,25,2,1,11,25,13
976_1,25,5,25,25,8,10,25,11,2,4,7,13,12,9,14,25,25,3,6,25,25,25,25,1
976_2,25,11,12,25,8,10,9,14,25,25,4,25,25,25,13,6,2,25,25,3,5,1,25,7
977_1,25,4,25,13,11,12,9,15,1,2,25,6,8,25,5,7,25,25,10,16,25,25,14,3
977_2,25,15,8,14,11,12,25,5,25,25,2,25,13,7,6,10,1,16,25,25,4,3,9,25
978_0,4,25,10,17,25,16,12,7,3,25,6,9,25,25,8,1,11,25,25,2,5,14,15,13
978_1,25,1,25,6,17,8,10,14,2,7,12,13,16,25,3,9,25,25,25,15,25,4,11,5
978_2,25,14,16,11,17,8,25,3,25,4,7,25,6,9,13,25,2,15,25,25,1,5,10,12
979_0,7,14,1,12,25,9,11,25,2,25,25,8,25,6,10,4,15,25,25,13,3,5,16,17
979_1,25,4,25,25,12,10,1,5,13,25,11,17,9,6,2,8,25,25,14,16,25,7,15,3
97_2,25,1,25,25,9,25,25,5,25,25,25,25,6,25,25,10,4,25,25,25,8,3,7,2
980_1,25,1,25,6,10,25,8,16,5,2,15,7,14,25,4,17,25,11,9,12,25,25,13,3
980_2,25,16,14,13,10,25,25,4,25,25,2,25,6,17,7,9,5,12,25,11,1,3,8,15
981_0,10,6,8,14,25,25,11,3,5,7,13,9,25,17,16,1,25,25,25,2,4,18,12,15
981_1,25,1,25,13,14,16,8,18,2,3,11,15,25,17,5,9,25,7,6,12,25,10,25,4
981_2,25,18,25,25,14,16,17,5,25,10,3,25,13,9,15,6,2,12,25,7,1,4,8,11
982_1,25,1,25,2,7,8,9,6,25,25,25,5,25,25,11,3,25,25,25,4,25,12,10,25
982_2,25,6,25,10,7,8,25,11,25,12,25,25,2,3,5,25,25,4,25,25,1,25,9,25
983_1,25,2,25,6,17,10,4,25,12,13,18,16,8,11,9,3,25,25,14,1,25,15,7,5
983_2,25,25,8,7,17,10,11,9,25,15,13,25,6,3,16,14,12,1,25,25,2,5,4,18
984_0,12,13,10,15,25,25,8,25,5,25,25,7,25,11,6,1,14,25,25,4,3,2,25,9
984_1,25,1,25,25,15,6,10,2,4,25,8,9,25,11,5,7,25,25,13,25,25,12,14,3
984_2,25,2,25,14,15,6,11,5,25,12,25,25,25,7,9,13,4,25,25,25,1,3,10,8
985_0,4,11,9,7,25,6,16,2,3,13,25,8,25,25,12,1,25,25,25,5,25,15,10,14
985_1,25,1,25,25,7,12,9,15,5,2,16,14,6,25,3,8,25,13,11,10,25,4,25,25
985_2,25,15,6,25,7,12,25,3,25,4,2,25,25,8,14,11,5,10,25,13,1,25,9,16
986_0,25,13,11,14,25,6,8,4,3,25,25,7,25,10,5,9,12,25,25,2,25,1,25,15
986_1,25,9,25,25,14,5,11,1,2,4,8,15,6,10,3,7,25,25,13,25,25,25,12,25
987_0,14,25,7,16,25,25,13,1,3,25,10,9,25,8,25,4,12,25,25,2,6,11,5,15
988_0,25,16,10,14,25,18,13,3,4,15,6,7,25,9,8,2,12,25,25,1,25,5,17,11
989_2,25,10,15,14,12,25,5,3,25,9,25,25,11,4,7,13,25,6,25,25,2,8,1,25
98_0,25,25,3,5,25,25,25,7,6,25,25,25,25,25,25,25,8,25,25,2,9,25,1,4
98_1,25,25,25,25,5,25,3,25,2,7,25,4,25,25,6,25,25,25,25,1,25,25,8,9
98_2,25,25,25,8,5,25,25,6,25,25,7,25,25,25,4,25,2,1,25,25,25,9,3,25
990_0,8,12,1,10,25,17,9,13,25,15,16,25,25,7,4,3,14,25,25,5,2,11,25,6
990_1,25,3,25,16,10,4,1,11,5,13,9,6,17,7,25,25,25,15,12,25,25,8,14,2
990_2,25,11,17,14,10,4,7,25,25,8,13,25,16,25,6,12,5,25,25,15,3,2,1,9
991_0,13,19,8,11,25,20,16,17,3,15,12,1,25,7,18,4,14,25,25,10,2,9,5,6
991_1,25,4,25,12,11,18,8,9,10,17,16,6,20,7,3,1,25,15,19,5,25,13,14,2
991_2,25,9,20,14,11,18,7,3,25,13,17,25,12,1,6,19,10,5,25,15,4,2,8,16
992_0,9,25,4,8,25,6,11,25,2,25,3,25,25,7,10,1,12,25,25,13,25,5,25,25
993_0,11,25,4,12,25,25,7,9,25,25,2,6,25,8,14,1,10,25,25,3,13,25,25,5
993_1,25,1,25,2,12,14,4,25,3,9,7,5,25,8,25,6,25,25,25,25,25,11,10,13
993_2,25,25,25,10,12,14,8,25,25,11,9,25,2,6,5,25,3,25,25,25,1,13,4,7
994_0,14,25,2,6,25,25,11,15,4,16,12,1,25,25,7,3,17,25,25,13,5,10,9,8
994_1,25,3,25,12,6,7,2,10,13,15,11,8,25,25,4,1,25,16,25,9,25,14,17,5
995_0,16,25,1,9,25,17,15,12,6,25,14,4,25,25,10,5,11,25,25,13,2,8,3,7
995_1,25,5,25,14,9,10,1,8,13,12,15,7,17,25,6,4,25,25,25,3,25,16,11,2
995_2,25,8,17,11,9,10,25,6,25,16,12,25,14,4,7,25,13,3,25,25,5,2,1,15
996_0,12,25,5,17,25,15,13,11,3,25,25,4,25,16,10,1,14,25,25,6,7,8,2,9
996_1,25,1,25,25,17,10,5,8,6,11,13,9,15,16,3,4,25,25,25,2,25,12,14,7
996_2,25,8,15,14,17,10,16,3,25,12,11,25,25,4,9,25,6,2,25,25,1,7,5,13
997_0,15,9,3,6,25,25,10,4,2,13,7,25,25,8,11,25,14,25,25,5,25,12,1,25
997_1,25,25,25,7,6,11,3,12,5,4,10,25,25,8,2,25,25,13,9,1,25,15,14,25
997_2,25,12,25,14,6,11,8,2,25,15,4,25,7,25,25,9,5,1,25,13,25,25,3,10
998_1,25,2,25,10,7,13,1,25,9,25,25,6,25,8,3,5,25,14,25,25,25,11,12,4
998_2,25,25,25,12,7,13,8,3,25,11,25,25,10,5,6,25,9,25,25,14,2,4,1,25
999_0,13,15,25,8,25,10,9,6,3,25,7,25,25,16,14,1,25,25,25,11,2,12,4,5
999_1,25,1,25,7,8,14,25,12,11,6,9,5,10,16,3,25,25,25,15,4,25,13,25,2
999_2,25,12,10,25,8,14,16,3,25,13,6,25,7,25,5,15,11,4,25,25,1,2,25,9
99_0,11,25,25,14,25,18,3,13,7,10,4,9,25,2,17,16,15,25,25,12,5,8,1,6
99_1,25,16,25,4,14,17,25,8,12,13,3,6,18,2,7,9,25,10,25,1,25,11,15,5
99_2,25,8,18,15,14,17,2,7,25,11,13,25,4,9,6,25,12,1,25,10,16,5,25,3
9_0,15,6,7,1,25,11,13,8,4,16,25,25,25,10,2,18,5,25,25,9,14,17,3,12
9_1,25,18,25,25,1,2,7,17,9,8,13,12,11,10,4,25,25,16,6,3,25,15,5,14
9_2,25,17,11,5,1,2,10,4,25,15,8,25,25,25,12,6,9,3,25,16,18,14,7,13
